[
{
  "model": "admin.logentry",
  "pk": 1,
  "fields": {
    "action_time": "2023-12-05T15:00:12.454Z",
    "user": 1,
    "content_type": 12,
    "object_id": "1",
    "object_repr": "Vic Mirallas, Repaso",
    "action_flag": 1,
    "change_message": "[{\"added\": {}}]"
  }
},
{
  "model": "admin.logentry",
  "pk": 2,
  "fields": {
    "action_time": "2023-12-05T15:00:39.022Z",
    "user": 1,
    "content_type": 12,
    "object_id": "2",
    "object_repr": "Vicky Gómez, Coreografía",
    "action_flag": 1,
    "change_message": "[{\"added\": {}}]"
  }
},
{
  "model": "admin.logentry",
  "pk": 3,
  "fields": {
    "action_time": "2023-12-05T15:01:01.607Z",
    "user": 1,
    "content_type": 12,
    "object_id": "3",
    "object_repr": "Toni Hinojosa, Fitness",
    "action_flag": 1,
    "change_message": "[{\"added\": {}}]"
  }
},
{
  "model": "admin.logentry",
  "pk": 4,
  "fields": {
    "action_time": "2023-12-05T15:01:51.239Z",
    "user": 1,
    "content_type": 12,
    "object_id": "4",
    "object_repr": "Verónica Blume, Yoga",
    "action_flag": 1,
    "change_message": "[{\"added\": {}}]"
  }
},
{
  "model": "admin.logentry",
  "pk": 5,
  "fields": {
    "action_time": "2023-12-05T15:02:12.216Z",
    "user": 1,
    "content_type": 12,
    "object_id": "5",
    "object_repr": "Pablo Lluch, Repaso",
    "action_flag": 1,
    "change_message": "[{\"added\": {}}]"
  }
},
{
  "model": "admin.logentry",
  "pk": 6,
  "fields": {
    "action_time": "2023-12-05T15:02:59.031Z",
    "user": 1,
    "content_type": 12,
    "object_id": "6",
    "object_repr": "Manu Guix, Director musical",
    "action_flag": 1,
    "change_message": "[{\"added\": {}}]"
  }
},
{
  "model": "admin.logentry",
  "pk": 7,
  "fields": {
    "action_time": "2023-12-05T15:03:24.997Z",
    "user": 1,
    "content_type": 12,
    "object_id": "7",
    "object_repr": "Mamén Márquez, Técnica vocal",
    "action_flag": 1,
    "change_message": "[{\"added\": {}}]"
  }
},
{
  "model": "admin.logentry",
  "pk": 8,
  "fields": {
    "action_time": "2023-12-05T15:03:55.122Z",
    "user": 1,
    "content_type": 12,
    "object_id": "8",
    "object_repr": "Judith Endje, Baile urbano",
    "action_flag": 1,
    "change_message": "[{\"added\": {}}]"
  }
},
{
  "model": "admin.logentry",
  "pk": 9,
  "fields": {
    "action_time": "2023-12-05T15:04:20.914Z",
    "user": 1,
    "content_type": 12,
    "object_id": "9",
    "object_repr": "Jill Earnshaw, Inglés",
    "action_flag": 1,
    "change_message": "[{\"added\": {}}]"
  }
},
{
  "model": "admin.logentry",
  "pk": 10,
  "fields": {
    "action_time": "2023-12-05T15:04:43.464Z",
    "user": 1,
    "content_type": 12,
    "object_id": "10",
    "object_repr": "Gerard Ibáñez, Canto coral",
    "action_flag": 1,
    "change_message": "[{\"added\": {}}]"
  }
},
{
  "model": "admin.logentry",
  "pk": 11,
  "fields": {
    "action_time": "2023-12-05T15:05:05.288Z",
    "user": 1,
    "content_type": 12,
    "object_id": "11",
    "object_repr": "Abril Zamora, Interpretación",
    "action_flag": 1,
    "change_message": "[{\"added\": {}}]"
  }
},
{
  "model": "admin.logentry",
  "pk": 12,
  "fields": {
    "action_time": "2023-12-05T16:16:56.172Z",
    "user": 1,
    "content_type": 11,
    "object_id": "1",
    "object_repr": "MusicStyle object (1)",
    "action_flag": 1,
    "change_message": "[{\"added\": {}}]"
  }
},
{
  "model": "admin.logentry",
  "pk": 13,
  "fields": {
    "action_time": "2023-12-05T16:17:09.155Z",
    "user": 1,
    "content_type": 11,
    "object_id": "2",
    "object_repr": "MusicStyle object (2)",
    "action_flag": 1,
    "change_message": "[{\"added\": {}}]"
  }
},
{
  "model": "admin.logentry",
  "pk": 14,
  "fields": {
    "action_time": "2023-12-05T16:17:19.807Z",
    "user": 1,
    "content_type": 11,
    "object_id": "3",
    "object_repr": "MusicStyle object (3)",
    "action_flag": 1,
    "change_message": "[{\"added\": {}}]"
  }
},
{
  "model": "admin.logentry",
  "pk": 15,
  "fields": {
    "action_time": "2023-12-05T16:30:12.018Z",
    "user": 1,
    "content_type": 10,
    "object_id": "1",
    "object_repr": "Álex Márquez",
    "action_flag": 1,
    "change_message": "[{\"added\": {}}]"
  }
},
{
  "model": "admin.logentry",
  "pk": 16,
  "fields": {
    "action_time": "2023-12-05T16:32:51.293Z",
    "user": 1,
    "content_type": 11,
    "object_id": "4",
    "object_repr": "MusicStyle object (4)",
    "action_flag": 1,
    "change_message": "[{\"added\": {}}]"
  }
},
{
  "model": "admin.logentry",
  "pk": 17,
  "fields": {
    "action_time": "2023-12-05T16:33:15.305Z",
    "user": 1,
    "content_type": 11,
    "object_id": "5",
    "object_repr": "MusicStyle object (5)",
    "action_flag": 1,
    "change_message": "[{\"added\": {}}]"
  }
},
{
  "model": "admin.logentry",
  "pk": 18,
  "fields": {
    "action_time": "2023-12-05T16:33:21.555Z",
    "user": 1,
    "content_type": 11,
    "object_id": "6",
    "object_repr": "MusicStyle object (6)",
    "action_flag": 1,
    "change_message": "[{\"added\": {}}]"
  }
},
{
  "model": "admin.logentry",
  "pk": 19,
  "fields": {
    "action_time": "2023-12-05T16:33:23.242Z",
    "user": 1,
    "content_type": 10,
    "object_id": "2",
    "object_repr": "Álvaro Mayo",
    "action_flag": 1,
    "change_message": "[{\"added\": {}}]"
  }
},
{
  "model": "admin.logentry",
  "pk": 20,
  "fields": {
    "action_time": "2023-12-05T16:34:29.751Z",
    "user": 1,
    "content_type": 11,
    "object_id": "3",
    "object_repr": "Pop latino",
    "action_flag": 2,
    "change_message": "[{\"changed\": {\"fields\": [\"Name\"]}}]"
  }
},
{
  "model": "admin.logentry",
  "pk": 21,
  "fields": {
    "action_time": "2023-12-05T16:34:29.755Z",
    "user": 1,
    "content_type": 11,
    "object_id": "2",
    "object_repr": "Pop rock",
    "action_flag": 2,
    "change_message": "[{\"changed\": {\"fields\": [\"Name\"]}}]"
  }
},
{
  "model": "admin.logentry",
  "pk": 22,
  "fields": {
    "action_time": "2023-12-05T16:37:09.809Z",
    "user": 1,
    "content_type": 11,
    "object_id": "7",
    "object_repr": "Pop house",
    "action_flag": 1,
    "change_message": "[{\"added\": {}}]"
  }
},
{
  "model": "admin.logentry",
  "pk": 23,
  "fields": {
    "action_time": "2023-12-05T16:37:27.259Z",
    "user": 1,
    "content_type": 10,
    "object_id": "3",
    "object_repr": "Aludena Ruiz",
    "action_flag": 1,
    "change_message": "[{\"added\": {}}]"
  }
},
{
  "model": "admin.logentry",
  "pk": 24,
  "fields": {
    "action_time": "2023-12-05T16:39:46.350Z",
    "user": 1,
    "content_type": 11,
    "object_id": "8",
    "object_repr": "Rock 80s",
    "action_flag": 1,
    "change_message": "[{\"added\": {}}]"
  }
},
{
  "model": "admin.logentry",
  "pk": 25,
  "fields": {
    "action_time": "2023-12-05T16:40:05.338Z",
    "user": 1,
    "content_type": 10,
    "object_id": "4",
    "object_repr": "Beatriz Fernández",
    "action_flag": 1,
    "change_message": "[{\"added\": {}}]"
  }
},
{
  "model": "admin.logentry",
  "pk": 26,
  "fields": {
    "action_time": "2023-12-05T16:42:03.759Z",
    "user": 1,
    "content_type": 11,
    "object_id": "9",
    "object_repr": "Reguetón",
    "action_flag": 1,
    "change_message": "[{\"added\": {}}]"
  }
},
{
  "model": "admin.logentry",
  "pk": 27,
  "fields": {
    "action_time": "2023-12-05T16:42:05.483Z",
    "user": 1,
    "content_type": 10,
    "object_id": "5",
    "object_repr": "Paul Thib",
    "action_flag": 1,
    "change_message": "[{\"added\": {}}]"
  }
},
{
  "model": "admin.logentry",
  "pk": 28,
  "fields": {
    "action_time": "2023-12-05T16:55:47.171Z",
    "user": 1,
    "content_type": 10,
    "object_id": "6",
    "object_repr": "Omar Samba",
    "action_flag": 1,
    "change_message": "[{\"added\": {}}]"
  }
},
{
  "model": "admin.logentry",
  "pk": 29,
  "fields": {
    "action_time": "2023-12-05T16:57:29.154Z",
    "user": 1,
    "content_type": 10,
    "object_id": "7",
    "object_repr": "Chiara Oliver",
    "action_flag": 1,
    "change_message": "[{\"added\": {}}]"
  }
},
{
  "model": "admin.logentry",
  "pk": 30,
  "fields": {
    "action_time": "2023-12-05T16:58:43.827Z",
    "user": 1,
    "content_type": 11,
    "object_id": "10",
    "object_repr": "Rock",
    "action_flag": 1,
    "change_message": "[{\"added\": {}}]"
  }
},
{
  "model": "admin.logentry",
  "pk": 31,
  "fields": {
    "action_time": "2023-12-05T16:58:45.485Z",
    "user": 1,
    "content_type": 10,
    "object_id": "8",
    "object_repr": "Juanjo Bona",
    "action_flag": 1,
    "change_message": "[{\"added\": {}}]"
  }
},
{
  "model": "admin.logentry",
  "pk": 32,
  "fields": {
    "action_time": "2023-12-05T17:00:05.260Z",
    "user": 1,
    "content_type": 11,
    "object_id": "11",
    "object_repr": "Flamenco pop",
    "action_flag": 1,
    "change_message": "[{\"added\": {}}]"
  }
},
{
  "model": "admin.logentry",
  "pk": 33,
  "fields": {
    "action_time": "2023-12-05T17:00:06.688Z",
    "user": 1,
    "content_type": 10,
    "object_id": "9",
    "object_repr": "Salma Díaz",
    "action_flag": 1,
    "change_message": "[{\"added\": {}}]"
  }
},
{
  "model": "admin.logentry",
  "pk": 34,
  "fields": {
    "action_time": "2023-12-05T17:01:08.489Z",
    "user": 1,
    "content_type": 10,
    "object_id": "10",
    "object_repr": "Lucas Curotto",
    "action_flag": 1,
    "change_message": "[{\"added\": {}}]"
  }
},
{
  "model": "admin.logentry",
  "pk": 35,
  "fields": {
    "action_time": "2023-12-05T17:04:41.440Z",
    "user": 1,
    "content_type": 10,
    "object_id": "11",
    "object_repr": "Cristian Bartolomé",
    "action_flag": 1,
    "change_message": "[{\"added\": {}}]"
  }
},
{
  "model": "admin.logentry",
  "pk": 36,
  "fields": {
    "action_time": "2023-12-05T17:05:53.119Z",
    "user": 1,
    "content_type": 10,
    "object_id": "12",
    "object_repr": "Martin Urrutia",
    "action_flag": 1,
    "change_message": "[{\"added\": {}}]"
  }
},
{
  "model": "admin.logentry",
  "pk": 37,
  "fields": {
    "action_time": "2023-12-05T17:07:17.246Z",
    "user": 1,
    "content_type": 11,
    "object_id": "12",
    "object_repr": "General",
    "action_flag": 1,
    "change_message": "[{\"added\": {}}]"
  }
},
{
  "model": "admin.logentry",
  "pk": 38,
  "fields": {
    "action_time": "2023-12-05T17:07:18.487Z",
    "user": 1,
    "content_type": 10,
    "object_id": "13",
    "object_repr": "Naiara Moreno",
    "action_flag": 1,
    "change_message": "[{\"added\": {}}]"
  }
},
{
  "model": "admin.logentry",
  "pk": 39,
  "fields": {
    "action_time": "2023-12-05T17:08:51.683Z",
    "user": 1,
    "content_type": 10,
    "object_id": "14",
    "object_repr": "Ruslana Panchyshyna",
    "action_flag": 1,
    "change_message": "[{\"added\": {}}]"
  }
},
{
  "model": "admin.logentry",
  "pk": 40,
  "fields": {
    "action_time": "2023-12-05T17:11:07.181Z",
    "user": 1,
    "content_type": 10,
    "object_id": "15",
    "object_repr": "Suzete Correia",
    "action_flag": 1,
    "change_message": "[{\"added\": {}}]"
  }
},
{
  "model": "admin.logentry",
  "pk": 41,
  "fields": {
    "action_time": "2023-12-05T17:12:20.683Z",
    "user": 1,
    "content_type": 10,
    "object_id": "16",
    "object_repr": "Violeta Hódar",
    "action_flag": 1,
    "change_message": "[{\"added\": {}}]"
  }
},
{
  "model": "admin.logentry",
  "pk": 42,
  "fields": {
    "action_time": "2023-12-06T02:19:05.755Z",
    "user": 1,
    "content_type": 10,
    "object_id": "1",
    "object_repr": "Álex Márquez",
    "action_flag": 2,
    "change_message": "[{\"changed\": {\"fields\": [\"Avatar\"]}}]"
  }
},
{
  "model": "admin.logentry",
  "pk": 43,
  "fields": {
    "action_time": "2023-12-06T02:19:05.757Z",
    "user": 1,
    "content_type": 10,
    "object_id": "2",
    "object_repr": "Álvaro Mayo",
    "action_flag": 2,
    "change_message": "[{\"changed\": {\"fields\": [\"Avatar\"]}}]"
  }
},
{
  "model": "admin.logentry",
  "pk": 44,
  "fields": {
    "action_time": "2023-12-06T02:19:05.759Z",
    "user": 1,
    "content_type": 10,
    "object_id": "3",
    "object_repr": "Almudena Ruiz",
    "action_flag": 2,
    "change_message": "[{\"changed\": {\"fields\": [\"First name\", \"Avatar\"]}}]"
  }
},
{
  "model": "admin.logentry",
  "pk": 45,
  "fields": {
    "action_time": "2023-12-06T02:19:05.760Z",
    "user": 1,
    "content_type": 10,
    "object_id": "4",
    "object_repr": "Beatriz Fernández",
    "action_flag": 2,
    "change_message": "[{\"changed\": {\"fields\": [\"Avatar\"]}}]"
  }
},
{
  "model": "admin.logentry",
  "pk": 46,
  "fields": {
    "action_time": "2023-12-06T02:19:05.762Z",
    "user": 1,
    "content_type": 10,
    "object_id": "5",
    "object_repr": "Paul Thib",
    "action_flag": 2,
    "change_message": "[{\"changed\": {\"fields\": [\"Avatar\"]}}]"
  }
},
{
  "model": "admin.logentry",
  "pk": 47,
  "fields": {
    "action_time": "2023-12-06T02:19:05.763Z",
    "user": 1,
    "content_type": 10,
    "object_id": "6",
    "object_repr": "Omar Samba",
    "action_flag": 2,
    "change_message": "[{\"changed\": {\"fields\": [\"Avatar\"]}}]"
  }
},
{
  "model": "admin.logentry",
  "pk": 48,
  "fields": {
    "action_time": "2023-12-06T02:19:05.764Z",
    "user": 1,
    "content_type": 10,
    "object_id": "7",
    "object_repr": "Chiara Oliver",
    "action_flag": 2,
    "change_message": "[{\"changed\": {\"fields\": [\"Avatar\"]}}]"
  }
},
{
  "model": "admin.logentry",
  "pk": 49,
  "fields": {
    "action_time": "2023-12-06T02:19:05.765Z",
    "user": 1,
    "content_type": 10,
    "object_id": "8",
    "object_repr": "Juanjo Bona",
    "action_flag": 2,
    "change_message": "[{\"changed\": {\"fields\": [\"Avatar\"]}}]"
  }
},
{
  "model": "admin.logentry",
  "pk": 50,
  "fields": {
    "action_time": "2023-12-06T02:19:05.767Z",
    "user": 1,
    "content_type": 10,
    "object_id": "9",
    "object_repr": "Salma Díaz",
    "action_flag": 2,
    "change_message": "[{\"changed\": {\"fields\": [\"Avatar\"]}}]"
  }
},
{
  "model": "admin.logentry",
  "pk": 51,
  "fields": {
    "action_time": "2023-12-06T02:19:05.768Z",
    "user": 1,
    "content_type": 10,
    "object_id": "10",
    "object_repr": "Lucas Curotto",
    "action_flag": 2,
    "change_message": "[{\"changed\": {\"fields\": [\"Avatar\"]}}]"
  }
},
{
  "model": "admin.logentry",
  "pk": 52,
  "fields": {
    "action_time": "2023-12-06T02:19:05.769Z",
    "user": 1,
    "content_type": 10,
    "object_id": "11",
    "object_repr": "Cristian Bartolomé",
    "action_flag": 2,
    "change_message": "[{\"changed\": {\"fields\": [\"Avatar\"]}}]"
  }
},
{
  "model": "admin.logentry",
  "pk": 53,
  "fields": {
    "action_time": "2023-12-06T02:19:05.770Z",
    "user": 1,
    "content_type": 10,
    "object_id": "12",
    "object_repr": "Martin Urrutia",
    "action_flag": 2,
    "change_message": "[{\"changed\": {\"fields\": [\"Avatar\"]}}]"
  }
},
{
  "model": "admin.logentry",
  "pk": 54,
  "fields": {
    "action_time": "2023-12-06T02:19:05.771Z",
    "user": 1,
    "content_type": 10,
    "object_id": "13",
    "object_repr": "Naiara Moreno",
    "action_flag": 2,
    "change_message": "[{\"changed\": {\"fields\": [\"Avatar\"]}}]"
  }
},
{
  "model": "admin.logentry",
  "pk": 55,
  "fields": {
    "action_time": "2023-12-06T02:19:05.772Z",
    "user": 1,
    "content_type": 10,
    "object_id": "14",
    "object_repr": "Ruslana Panchyshyna",
    "action_flag": 2,
    "change_message": "[{\"changed\": {\"fields\": [\"Avatar\"]}}]"
  }
},
{
  "model": "admin.logentry",
  "pk": 56,
  "fields": {
    "action_time": "2023-12-06T02:19:05.773Z",
    "user": 1,
    "content_type": 10,
    "object_id": "15",
    "object_repr": "Suzete Correia",
    "action_flag": 2,
    "change_message": "[{\"changed\": {\"fields\": [\"Avatar\"]}}]"
  }
},
{
  "model": "admin.logentry",
  "pk": 57,
  "fields": {
    "action_time": "2023-12-06T02:19:05.774Z",
    "user": 1,
    "content_type": 10,
    "object_id": "16",
    "object_repr": "Violeta Hódar",
    "action_flag": 2,
    "change_message": "[{\"changed\": {\"fields\": [\"Avatar\"]}}]"
  }
},
{
  "model": "admin.logentry",
  "pk": 58,
  "fields": {
    "action_time": "2023-12-06T02:51:09.146Z",
    "user": 1,
    "content_type": 12,
    "object_id": "2",
    "object_repr": "Vicky Gómez, Coreografía",
    "action_flag": 2,
    "change_message": "[{\"changed\": {\"fields\": [\"Avatar\"]}}]"
  }
},
{
  "model": "admin.logentry",
  "pk": 59,
  "fields": {
    "action_time": "2023-12-06T02:51:09.149Z",
    "user": 1,
    "content_type": 12,
    "object_id": "1",
    "object_repr": "Vic Mirallas, Repaso",
    "action_flag": 2,
    "change_message": "[{\"changed\": {\"fields\": [\"Avatar\"]}}]"
  }
},
{
  "model": "admin.logentry",
  "pk": 60,
  "fields": {
    "action_time": "2023-12-06T02:53:36.988Z",
    "user": 1,
    "content_type": 12,
    "object_id": "1",
    "object_repr": "Vic Mirallas, Repaso",
    "action_flag": 2,
    "change_message": "[{\"changed\": {\"fields\": [\"Avatar\"]}}]"
  }
},
{
  "model": "admin.logentry",
  "pk": 61,
  "fields": {
    "action_time": "2023-12-06T02:54:16.597Z",
    "user": 1,
    "content_type": 12,
    "object_id": "11",
    "object_repr": "Abril Zamora, Interpretación",
    "action_flag": 2,
    "change_message": "[{\"changed\": {\"fields\": [\"Avatar\"]}}]"
  }
},
{
  "model": "admin.logentry",
  "pk": 62,
  "fields": {
    "action_time": "2023-12-06T02:54:32.839Z",
    "user": 1,
    "content_type": 12,
    "object_id": "10",
    "object_repr": "Gerard Ibáñez, Canto coral",
    "action_flag": 2,
    "change_message": "[{\"changed\": {\"fields\": [\"Avatar\"]}}]"
  }
},
{
  "model": "admin.logentry",
  "pk": 63,
  "fields": {
    "action_time": "2023-12-06T03:12:11.052Z",
    "user": 1,
    "content_type": 12,
    "object_id": "9",
    "object_repr": "Jill Earnshaw, Inglés",
    "action_flag": 2,
    "change_message": "[{\"changed\": {\"fields\": [\"Avatar\"]}}]"
  }
},
{
  "model": "admin.logentry",
  "pk": 64,
  "fields": {
    "action_time": "2023-12-06T03:12:26.902Z",
    "user": 1,
    "content_type": 12,
    "object_id": "8",
    "object_repr": "Judith Endje, Baile urbano",
    "action_flag": 2,
    "change_message": "[{\"changed\": {\"fields\": [\"Avatar\"]}}]"
  }
},
{
  "model": "admin.logentry",
  "pk": 65,
  "fields": {
    "action_time": "2023-12-06T03:12:37.480Z",
    "user": 1,
    "content_type": 12,
    "object_id": "7",
    "object_repr": "Mamén Márquez, Técnica vocal",
    "action_flag": 2,
    "change_message": "[{\"changed\": {\"fields\": [\"Avatar\"]}}]"
  }
},
{
  "model": "admin.logentry",
  "pk": 66,
  "fields": {
    "action_time": "2023-12-06T03:13:54.213Z",
    "user": 1,
    "content_type": 12,
    "object_id": "6",
    "object_repr": "Manu Guix, Director musical",
    "action_flag": 2,
    "change_message": "[{\"changed\": {\"fields\": [\"Avatar\"]}}]"
  }
},
{
  "model": "admin.logentry",
  "pk": 67,
  "fields": {
    "action_time": "2023-12-06T03:14:01.234Z",
    "user": 1,
    "content_type": 12,
    "object_id": "5",
    "object_repr": "Pablo Lluch, Repaso",
    "action_flag": 2,
    "change_message": "[{\"changed\": {\"fields\": [\"Avatar\"]}}]"
  }
},
{
  "model": "admin.logentry",
  "pk": 68,
  "fields": {
    "action_time": "2023-12-06T03:14:08.608Z",
    "user": 1,
    "content_type": 12,
    "object_id": "4",
    "object_repr": "Verónica Blume, Yoga",
    "action_flag": 2,
    "change_message": "[{\"changed\": {\"fields\": [\"Avatar\"]}}]"
  }
},
{
  "model": "admin.logentry",
  "pk": 69,
  "fields": {
    "action_time": "2023-12-06T03:14:36.817Z",
    "user": 1,
    "content_type": 12,
    "object_id": "2",
    "object_repr": "Vicky Gómez, Coreografía",
    "action_flag": 2,
    "change_message": "[{\"changed\": {\"fields\": [\"Avatar\"]}}]"
  }
},
{
  "model": "admin.logentry",
  "pk": 70,
  "fields": {
    "action_time": "2023-12-06T03:14:36.819Z",
    "user": 1,
    "content_type": 12,
    "object_id": "3",
    "object_repr": "Toni Hinojosa, Fitness",
    "action_flag": 2,
    "change_message": "[{\"changed\": {\"fields\": [\"Avatar\"]}}]"
  }
},
{
  "model": "admin.logentry",
  "pk": 71,
  "fields": {
    "action_time": "2023-12-06T03:21:53.194Z",
    "user": 1,
    "content_type": 13,
    "object_id": "1",
    "object_repr": "Cristina Regatero, Locutora",
    "action_flag": 1,
    "change_message": "[{\"added\": {}}]"
  }
},
{
  "model": "admin.logentry",
  "pk": 72,
  "fields": {
    "action_time": "2023-12-06T03:22:44.908Z",
    "user": 1,
    "content_type": 13,
    "object_id": "2",
    "object_repr": "María Concepción Balboa Buika, Cantante",
    "action_flag": 1,
    "change_message": "[{\"added\": {}}]"
  }
},
{
  "model": "admin.logentry",
  "pk": 73,
  "fields": {
    "action_time": "2023-12-06T03:23:14.359Z",
    "user": 1,
    "content_type": 13,
    "object_id": "3",
    "object_repr": "Pablo Rouss, Productor",
    "action_flag": 1,
    "change_message": "[{\"added\": {}}]"
  }
},
{
  "model": "admin.logentry",
  "pk": 74,
  "fields": {
    "action_time": "2023-12-06T03:30:10.722Z",
    "user": 1,
    "content_type": 13,
    "object_id": "1",
    "object_repr": "Cristina Regatero, Locutora",
    "action_flag": 2,
    "change_message": "[{\"changed\": {\"fields\": [\"Avatar\"]}}]"
  }
},
{
  "model": "admin.logentry",
  "pk": 75,
  "fields": {
    "action_time": "2023-12-06T03:30:18.038Z",
    "user": 1,
    "content_type": 13,
    "object_id": "2",
    "object_repr": "María Concepción Balboa Buika, Cantante",
    "action_flag": 2,
    "change_message": "[{\"changed\": {\"fields\": [\"Avatar\"]}}]"
  }
},
{
  "model": "admin.logentry",
  "pk": 76,
  "fields": {
    "action_time": "2023-12-06T03:30:25.884Z",
    "user": 1,
    "content_type": 13,
    "object_id": "3",
    "object_repr": "Pablo Rouss, Productor",
    "action_flag": 2,
    "change_message": "[{\"changed\": {\"fields\": [\"Avatar\"]}}]"
  }
},
{
  "model": "admin.logentry",
  "pk": 77,
  "fields": {
    "action_time": "2023-12-06T03:35:48.100Z",
    "user": 1,
    "content_type": 13,
    "object_id": "1",
    "object_repr": "Cristina Regatero, Locutora",
    "action_flag": 2,
    "change_message": "[{\"changed\": {\"fields\": [\"Avatar\"]}}]"
  }
},
{
  "model": "admin.logentry",
  "pk": 78,
  "fields": {
    "action_time": "2023-12-06T04:13:34.791Z",
    "user": 1,
    "content_type": 13,
    "object_id": "2",
    "object_repr": "María Buika, Cantante",
    "action_flag": 2,
    "change_message": "[{\"changed\": {\"fields\": [\"First name\", \"Last name\"]}}]"
  }
},
{
  "model": "admin.logentry",
  "pk": 79,
  "fields": {
    "action_time": "2023-12-06T04:13:56.381Z",
    "user": 1,
    "content_type": 13,
    "object_id": "2",
    "object_repr": "María Buika, Cantante",
    "action_flag": 2,
    "change_message": "[{\"changed\": {\"fields\": [\"Slug\"]}}]"
  }
},
{
  "model": "admin.logentry",
  "pk": 80,
  "fields": {
    "action_time": "2023-12-07T17:38:22.515Z",
    "user": 1,
    "content_type": 13,
    "object_id": "1",
    "object_repr": "Cristina Regatero, Locutora",
    "action_flag": 2,
    "change_message": "[{\"changed\": {\"fields\": [\"Description\"]}}]"
  }
},
{
  "model": "admin.logentry",
  "pk": 81,
  "fields": {
    "action_time": "2023-12-07T17:40:47.455Z",
    "user": 1,
    "content_type": 13,
    "object_id": "1",
    "object_repr": "Cristina Regatero, Locutora",
    "action_flag": 2,
    "change_message": "[{\"changed\": {\"fields\": [\"Description\"]}}]"
  }
},
{
  "model": "admin.logentry",
  "pk": 82,
  "fields": {
    "action_time": "2023-12-07T17:42:25.377Z",
    "user": 1,
    "content_type": 13,
    "object_id": "2",
    "object_repr": "María Buika, Cantante",
    "action_flag": 2,
    "change_message": "[{\"changed\": {\"fields\": [\"Description\"]}}]"
  }
},
{
  "model": "admin.logentry",
  "pk": 83,
  "fields": {
    "action_time": "2023-12-07T17:43:07.389Z",
    "user": 1,
    "content_type": 13,
    "object_id": "3",
    "object_repr": "Pablo Rouss, Productor",
    "action_flag": 2,
    "change_message": "[{\"changed\": {\"fields\": [\"Description\"]}}]"
  }
},
{
  "model": "admin.logentry",
  "pk": 84,
  "fields": {
    "action_time": "2023-12-07T17:44:42.171Z",
    "user": 1,
    "content_type": 13,
    "object_id": "2",
    "object_repr": "María Buika, Cantante",
    "action_flag": 2,
    "change_message": "[{\"changed\": {\"fields\": [\"Description\"]}}]"
  }
},
{
  "model": "admin.logentry",
  "pk": 85,
  "fields": {
    "action_time": "2023-12-07T17:47:52.690Z",
    "user": 1,
    "content_type": 13,
    "object_id": "2",
    "object_repr": "María Buika, Cantante",
    "action_flag": 2,
    "change_message": "[{\"changed\": {\"fields\": [\"Description\"]}}]"
  }
},
{
  "model": "admin.logentry",
  "pk": 86,
  "fields": {
    "action_time": "2023-12-07T18:48:39.251Z",
    "user": 1,
    "content_type": 12,
    "object_id": "1",
    "object_repr": "Vic Mirallas, Repaso",
    "action_flag": 2,
    "change_message": "[{\"changed\": {\"fields\": [\"Description\"]}}]"
  }
},
{
  "model": "admin.logentry",
  "pk": 87,
  "fields": {
    "action_time": "2023-12-07T18:48:39.253Z",
    "user": 1,
    "content_type": 12,
    "object_id": "2",
    "object_repr": "Vicky Gómez, Coreografía",
    "action_flag": 2,
    "change_message": "[{\"changed\": {\"fields\": [\"Description\"]}}]"
  }
},
{
  "model": "admin.logentry",
  "pk": 88,
  "fields": {
    "action_time": "2023-12-07T18:48:39.253Z",
    "user": 1,
    "content_type": 12,
    "object_id": "3",
    "object_repr": "Toni Hinojosa, Fitness",
    "action_flag": 2,
    "change_message": "[{\"changed\": {\"fields\": [\"Description\"]}}]"
  }
},
{
  "model": "admin.logentry",
  "pk": 89,
  "fields": {
    "action_time": "2023-12-07T18:48:39.254Z",
    "user": 1,
    "content_type": 12,
    "object_id": "4",
    "object_repr": "Verónica Blume, Yoga",
    "action_flag": 2,
    "change_message": "[{\"changed\": {\"fields\": [\"Description\"]}}]"
  }
},
{
  "model": "admin.logentry",
  "pk": 90,
  "fields": {
    "action_time": "2023-12-07T18:48:39.255Z",
    "user": 1,
    "content_type": 12,
    "object_id": "5",
    "object_repr": "Pablo Lluch, Repaso",
    "action_flag": 2,
    "change_message": "[{\"changed\": {\"fields\": [\"Description\"]}}]"
  }
},
{
  "model": "admin.logentry",
  "pk": 91,
  "fields": {
    "action_time": "2023-12-07T18:48:39.255Z",
    "user": 1,
    "content_type": 12,
    "object_id": "6",
    "object_repr": "Manu Guix, Director musical",
    "action_flag": 2,
    "change_message": "[{\"changed\": {\"fields\": [\"Description\"]}}]"
  }
},
{
  "model": "admin.logentry",
  "pk": 92,
  "fields": {
    "action_time": "2023-12-07T18:48:39.256Z",
    "user": 1,
    "content_type": 12,
    "object_id": "7",
    "object_repr": "Mamén Márquez, Técnica vocal",
    "action_flag": 2,
    "change_message": "[{\"changed\": {\"fields\": [\"Description\"]}}]"
  }
},
{
  "model": "admin.logentry",
  "pk": 93,
  "fields": {
    "action_time": "2023-12-07T18:48:39.256Z",
    "user": 1,
    "content_type": 12,
    "object_id": "8",
    "object_repr": "Judith Endje, Baile urbano",
    "action_flag": 2,
    "change_message": "[{\"changed\": {\"fields\": [\"Description\"]}}]"
  }
},
{
  "model": "admin.logentry",
  "pk": 94,
  "fields": {
    "action_time": "2023-12-07T18:48:39.257Z",
    "user": 1,
    "content_type": 12,
    "object_id": "9",
    "object_repr": "Jill Earnshaw, Inglés",
    "action_flag": 2,
    "change_message": "[{\"changed\": {\"fields\": [\"Description\"]}}]"
  }
},
{
  "model": "admin.logentry",
  "pk": 95,
  "fields": {
    "action_time": "2023-12-07T18:48:39.257Z",
    "user": 1,
    "content_type": 12,
    "object_id": "10",
    "object_repr": "Gerard Ibáñez, Canto coral",
    "action_flag": 2,
    "change_message": "[{\"changed\": {\"fields\": [\"Description\"]}}]"
  }
},
{
  "model": "admin.logentry",
  "pk": 96,
  "fields": {
    "action_time": "2023-12-07T18:48:39.258Z",
    "user": 1,
    "content_type": 12,
    "object_id": "11",
    "object_repr": "Abril Zamora, Interpretación",
    "action_flag": 2,
    "change_message": "[{\"changed\": {\"fields\": [\"Description\"]}}]"
  }
},
{
  "model": "auth.permission",
  "pk": 1,
  "fields": {
    "name": "Can add log entry",
    "content_type": 1,
    "codename": "add_logentry"
  }
},
{
  "model": "auth.permission",
  "pk": 2,
  "fields": {
    "name": "Can change log entry",
    "content_type": 1,
    "codename": "change_logentry"
  }
},
{
  "model": "auth.permission",
  "pk": 3,
  "fields": {
    "name": "Can delete log entry",
    "content_type": 1,
    "codename": "delete_logentry"
  }
},
{
  "model": "auth.permission",
  "pk": 4,
  "fields": {
    "name": "Can view log entry",
    "content_type": 1,
    "codename": "view_logentry"
  }
},
{
  "model": "auth.permission",
  "pk": 5,
  "fields": {
    "name": "Can add permission",
    "content_type": 2,
    "codename": "add_permission"
  }
},
{
  "model": "auth.permission",
  "pk": 6,
  "fields": {
    "name": "Can change permission",
    "content_type": 2,
    "codename": "change_permission"
  }
},
{
  "model": "auth.permission",
  "pk": 7,
  "fields": {
    "name": "Can delete permission",
    "content_type": 2,
    "codename": "delete_permission"
  }
},
{
  "model": "auth.permission",
  "pk": 8,
  "fields": {
    "name": "Can view permission",
    "content_type": 2,
    "codename": "view_permission"
  }
},
{
  "model": "auth.permission",
  "pk": 9,
  "fields": {
    "name": "Can add group",
    "content_type": 3,
    "codename": "add_group"
  }
},
{
  "model": "auth.permission",
  "pk": 10,
  "fields": {
    "name": "Can change group",
    "content_type": 3,
    "codename": "change_group"
  }
},
{
  "model": "auth.permission",
  "pk": 11,
  "fields": {
    "name": "Can delete group",
    "content_type": 3,
    "codename": "delete_group"
  }
},
{
  "model": "auth.permission",
  "pk": 12,
  "fields": {
    "name": "Can view group",
    "content_type": 3,
    "codename": "view_group"
  }
},
{
  "model": "auth.permission",
  "pk": 13,
  "fields": {
    "name": "Can add user",
    "content_type": 4,
    "codename": "add_user"
  }
},
{
  "model": "auth.permission",
  "pk": 14,
  "fields": {
    "name": "Can change user",
    "content_type": 4,
    "codename": "change_user"
  }
},
{
  "model": "auth.permission",
  "pk": 15,
  "fields": {
    "name": "Can delete user",
    "content_type": 4,
    "codename": "delete_user"
  }
},
{
  "model": "auth.permission",
  "pk": 16,
  "fields": {
    "name": "Can view user",
    "content_type": 4,
    "codename": "view_user"
  }
},
{
  "model": "auth.permission",
  "pk": 17,
  "fields": {
    "name": "Can add content type",
    "content_type": 5,
    "codename": "add_contenttype"
  }
},
{
  "model": "auth.permission",
  "pk": 18,
  "fields": {
    "name": "Can change content type",
    "content_type": 5,
    "codename": "change_contenttype"
  }
},
{
  "model": "auth.permission",
  "pk": 19,
  "fields": {
    "name": "Can delete content type",
    "content_type": 5,
    "codename": "delete_contenttype"
  }
},
{
  "model": "auth.permission",
  "pk": 20,
  "fields": {
    "name": "Can view content type",
    "content_type": 5,
    "codename": "view_contenttype"
  }
},
{
  "model": "auth.permission",
  "pk": 21,
  "fields": {
    "name": "Can add session",
    "content_type": 6,
    "codename": "add_session"
  }
},
{
  "model": "auth.permission",
  "pk": 22,
  "fields": {
    "name": "Can change session",
    "content_type": 6,
    "codename": "change_session"
  }
},
{
  "model": "auth.permission",
  "pk": 23,
  "fields": {
    "name": "Can delete session",
    "content_type": 6,
    "codename": "delete_session"
  }
},
{
  "model": "auth.permission",
  "pk": 24,
  "fields": {
    "name": "Can view session",
    "content_type": 6,
    "codename": "view_session"
  }
},
{
  "model": "auth.permission",
  "pk": 25,
  "fields": {
    "name": "Can add source",
    "content_type": 7,
    "codename": "add_source"
  }
},
{
  "model": "auth.permission",
  "pk": 26,
  "fields": {
    "name": "Can change source",
    "content_type": 7,
    "codename": "change_source"
  }
},
{
  "model": "auth.permission",
  "pk": 27,
  "fields": {
    "name": "Can delete source",
    "content_type": 7,
    "codename": "delete_source"
  }
},
{
  "model": "auth.permission",
  "pk": 28,
  "fields": {
    "name": "Can view source",
    "content_type": 7,
    "codename": "view_source"
  }
},
{
  "model": "auth.permission",
  "pk": 29,
  "fields": {
    "name": "Can add thumbnail",
    "content_type": 8,
    "codename": "add_thumbnail"
  }
},
{
  "model": "auth.permission",
  "pk": 30,
  "fields": {
    "name": "Can change thumbnail",
    "content_type": 8,
    "codename": "change_thumbnail"
  }
},
{
  "model": "auth.permission",
  "pk": 31,
  "fields": {
    "name": "Can delete thumbnail",
    "content_type": 8,
    "codename": "delete_thumbnail"
  }
},
{
  "model": "auth.permission",
  "pk": 32,
  "fields": {
    "name": "Can view thumbnail",
    "content_type": 8,
    "codename": "view_thumbnail"
  }
},
{
  "model": "auth.permission",
  "pk": 33,
  "fields": {
    "name": "Can add thumbnail dimensions",
    "content_type": 9,
    "codename": "add_thumbnaildimensions"
  }
},
{
  "model": "auth.permission",
  "pk": 34,
  "fields": {
    "name": "Can change thumbnail dimensions",
    "content_type": 9,
    "codename": "change_thumbnaildimensions"
  }
},
{
  "model": "auth.permission",
  "pk": 35,
  "fields": {
    "name": "Can delete thumbnail dimensions",
    "content_type": 9,
    "codename": "delete_thumbnaildimensions"
  }
},
{
  "model": "auth.permission",
  "pk": 36,
  "fields": {
    "name": "Can view thumbnail dimensions",
    "content_type": 9,
    "codename": "view_thumbnaildimensions"
  }
},
{
  "model": "auth.permission",
  "pk": 37,
  "fields": {
    "name": "Can add contestant",
    "content_type": 10,
    "codename": "add_contestant"
  }
},
{
  "model": "auth.permission",
  "pk": 38,
  "fields": {
    "name": "Can change contestant",
    "content_type": 10,
    "codename": "change_contestant"
  }
},
{
  "model": "auth.permission",
  "pk": 39,
  "fields": {
    "name": "Can delete contestant",
    "content_type": 10,
    "codename": "delete_contestant"
  }
},
{
  "model": "auth.permission",
  "pk": 40,
  "fields": {
    "name": "Can view contestant",
    "content_type": 10,
    "codename": "view_contestant"
  }
},
{
  "model": "auth.permission",
  "pk": 41,
  "fields": {
    "name": "Can add music style",
    "content_type": 11,
    "codename": "add_musicstyle"
  }
},
{
  "model": "auth.permission",
  "pk": 42,
  "fields": {
    "name": "Can change music style",
    "content_type": 11,
    "codename": "change_musicstyle"
  }
},
{
  "model": "auth.permission",
  "pk": 43,
  "fields": {
    "name": "Can delete music style",
    "content_type": 11,
    "codename": "delete_musicstyle"
  }
},
{
  "model": "auth.permission",
  "pk": 44,
  "fields": {
    "name": "Can view music style",
    "content_type": 11,
    "codename": "view_musicstyle"
  }
},
{
  "model": "auth.permission",
  "pk": 45,
  "fields": {
    "name": "Can add teacher",
    "content_type": 12,
    "codename": "add_teacher"
  }
},
{
  "model": "auth.permission",
  "pk": 46,
  "fields": {
    "name": "Can change teacher",
    "content_type": 12,
    "codename": "change_teacher"
  }
},
{
  "model": "auth.permission",
  "pk": 47,
  "fields": {
    "name": "Can delete teacher",
    "content_type": 12,
    "codename": "delete_teacher"
  }
},
{
  "model": "auth.permission",
  "pk": 48,
  "fields": {
    "name": "Can view teacher",
    "content_type": 12,
    "codename": "view_teacher"
  }
},
{
  "model": "auth.permission",
  "pk": 49,
  "fields": {
    "name": "Can add judge",
    "content_type": 13,
    "codename": "add_judge"
  }
},
{
  "model": "auth.permission",
  "pk": 50,
  "fields": {
    "name": "Can change judge",
    "content_type": 13,
    "codename": "change_judge"
  }
},
{
  "model": "auth.permission",
  "pk": 51,
  "fields": {
    "name": "Can delete judge",
    "content_type": 13,
    "codename": "delete_judge"
  }
},
{
  "model": "auth.permission",
  "pk": 52,
  "fields": {
    "name": "Can view judge",
    "content_type": 13,
    "codename": "view_judge"
  }
},
{
  "model": "auth.user",
  "pk": 1,
  "fields": {
    "password": "pbkdf2_sha256$600000$oxA3Ce25Z9qneRV40jm1Y8$GTclhQK0NLoqXuqYA9qa/it7zMbJ94yEXFcQdR1WABA=",
    "last_login": "2023-12-07T18:45:17.477Z",
    "is_superuser": true,
    "username": "admin",
    "first_name": "",
    "last_name": "",
    "email": "alherdom@outlook.com",
    "is_staff": true,
    "is_active": true,
    "date_joined": "2023-12-05T14:48:37.172Z",
    "groups": [],
    "user_permissions": []
  }
},
{
  "model": "contenttypes.contenttype",
  "pk": 1,
  "fields": {
    "app_label": "admin",
    "model": "logentry"
  }
},
{
  "model": "contenttypes.contenttype",
  "pk": 2,
  "fields": {
    "app_label": "auth",
    "model": "permission"
  }
},
{
  "model": "contenttypes.contenttype",
  "pk": 3,
  "fields": {
    "app_label": "auth",
    "model": "group"
  }
},
{
  "model": "contenttypes.contenttype",
  "pk": 4,
  "fields": {
    "app_label": "auth",
    "model": "user"
  }
},
{
  "model": "contenttypes.contenttype",
  "pk": 5,
  "fields": {
    "app_label": "contenttypes",
    "model": "contenttype"
  }
},
{
  "model": "contenttypes.contenttype",
  "pk": 6,
  "fields": {
    "app_label": "sessions",
    "model": "session"
  }
},
{
  "model": "contenttypes.contenttype",
  "pk": 7,
  "fields": {
    "app_label": "easy_thumbnails",
    "model": "source"
  }
},
{
  "model": "contenttypes.contenttype",
  "pk": 8,
  "fields": {
    "app_label": "easy_thumbnails",
    "model": "thumbnail"
  }
},
{
  "model": "contenttypes.contenttype",
  "pk": 9,
  "fields": {
    "app_label": "easy_thumbnails",
    "model": "thumbnaildimensions"
  }
},
{
  "model": "contenttypes.contenttype",
  "pk": 10,
  "fields": {
    "app_label": "contestant",
    "model": "contestant"
  }
},
{
  "model": "contenttypes.contenttype",
  "pk": 11,
  "fields": {
    "app_label": "contestant",
    "model": "musicstyle"
  }
},
{
  "model": "contenttypes.contenttype",
  "pk": 12,
  "fields": {
    "app_label": "teacher",
    "model": "teacher"
  }
},
{
  "model": "contenttypes.contenttype",
  "pk": 13,
  "fields": {
    "app_label": "judge",
    "model": "judge"
  }
},
{
  "model": "sessions.session",
  "pk": "e7z03ptj28bgwpwz5dvaga75d2ur495b",
  "fields": {
    "session_data": ".eJxVjDsOwjAQBe_iGln-xfFS0nMGy-td4wBypDipEHeHSCmgfTPzXiKmba1x67zEicRZaHH63TDlB7cd0D212yzz3NZlQrkr8qBdXmfi5-Vw_w5q6vVbm9ENQZniXFEQSrAJkIwPI3DSqDUjIyEED5ZAkXWhoM7GKg--lIHF-wPP3Te9:1rAWjS:aifbvf-ryy2PdKA6aFiJPdGe8LhKLUidwXEwI34nbhk",
    "expire_date": "2023-12-19T14:49:06.495Z"
  }
},
{
  "model": "sessions.session",
  "pk": "kuha9eewc7vzmwk3hbfsye5lcsf4u01l",
  "fields": {
    "session_data": ".eJxVjDsOwjAQBe_iGln-xfFS0nMGy-td4wBypDipEHeHSCmgfTPzXiKmba1x67zEicRZaHH63TDlB7cd0D212yzz3NZlQrkr8qBdXmfi5-Vw_w5q6vVbm9ENQZniXFEQSrAJkIwPI3DSqDUjIyEED5ZAkXWhoM7GKg--lIHF-wPP3Te9:1rBJN7:R3TUVCoYhTvIEbQa8E1CLijuTsfDy_Le5wpN-ivoYxc",
    "expire_date": "2023-12-21T18:45:17.477Z"
  }
},
{
  "model": "sessions.session",
  "pk": "lecjcpo80i9zo0134tkb97lr7k6llzsx",
  "fields": {
    "session_data": ".eJxVjDsOwjAQBe_iGln-xfFS0nMGy-td4wBypDipEHeHSCmgfTPzXiKmba1x67zEicRZaHH63TDlB7cd0D212yzz3NZlQrkr8qBdXmfi5-Vw_w5q6vVbm9ENQZniXFEQSrAJkIwPI3DSqDUjIyEED5ZAkXWhoM7GKg--lIHF-wPP3Te9:1rAhQC:My-e_pT3k2IDiwgwVMxI4MH3k2XZnrVFX1jRwxarWEo",
    "expire_date": "2023-12-20T02:13:56.443Z"
  }
},
{
  "model": "sessions.session",
  "pk": "z1q5h0jk1xq1ez4plsx0w125mn02d4ph",
  "fields": {
    "session_data": ".eJxVjDsOwjAQBe_iGln-xfFS0nMGy-td4wBypDipEHeHSCmgfTPzXiKmba1x67zEicRZaHH63TDlB7cd0D212yzz3NZlQrkr8qBdXmfi5-Vw_w5q6vVbm9ENQZniXFEQSrAJkIwPI3DSqDUjIyEED5ZAkXWhoM7GKg--lIHF-wPP3Te9:1rBIFW:T3TZs56JmwXTTzNuLsdHioY522UpHWpvbcwgs1nkDZ0",
    "expire_date": "2023-12-21T17:33:22.480Z"
  }
},
{
  "model": "easy_thumbnails.source",
  "pk": 1,
  "fields": {
    "storage_hash": "0d677af76ca5bf5575d614e04932c3a4",
    "name": "profe11.jpeg",
    "modified": "2023-12-06T03:11:44.083Z"
  }
},
{
  "model": "easy_thumbnails.source",
  "pk": 2,
  "fields": {
    "storage_hash": "0d677af76ca5bf5575d614e04932c3a4",
    "name": "profe10.jpeg",
    "modified": "2023-12-06T03:11:44.107Z"
  }
},
{
  "model": "easy_thumbnails.source",
  "pk": 3,
  "fields": {
    "storage_hash": "0d677af76ca5bf5575d614e04932c3a4",
    "name": "profe9.jpeg",
    "modified": "2023-12-06T04:08:02.048Z"
  }
},
{
  "model": "easy_thumbnails.source",
  "pk": 4,
  "fields": {
    "storage_hash": "0d677af76ca5bf5575d614e04932c3a4",
    "name": "profe8.jpeg",
    "modified": "2023-12-06T04:08:02.037Z"
  }
},
{
  "model": "easy_thumbnails.source",
  "pk": 5,
  "fields": {
    "storage_hash": "0d677af76ca5bf5575d614e04932c3a4",
    "name": "profe7.jpeg",
    "modified": "2023-12-06T04:08:02.026Z"
  }
},
{
  "model": "easy_thumbnails.source",
  "pk": 6,
  "fields": {
    "storage_hash": "0d677af76ca5bf5575d614e04932c3a4",
    "name": "profe6.jpeg",
    "modified": "2023-12-06T04:08:20.862Z"
  }
},
{
  "model": "easy_thumbnails.source",
  "pk": 7,
  "fields": {
    "storage_hash": "0d677af76ca5bf5575d614e04932c3a4",
    "name": "profe5.jpeg",
    "modified": "2023-12-06T04:08:20.851Z"
  }
},
{
  "model": "easy_thumbnails.source",
  "pk": 8,
  "fields": {
    "storage_hash": "0d677af76ca5bf5575d614e04932c3a4",
    "name": "profe3.jpeg",
    "modified": "2023-12-06T04:08:20.821Z"
  }
},
{
  "model": "easy_thumbnails.source",
  "pk": 9,
  "fields": {
    "storage_hash": "0d677af76ca5bf5575d614e04932c3a4",
    "name": "profe4.jpeg",
    "modified": "2023-12-06T04:08:20.838Z"
  }
},
{
  "model": "easy_thumbnails.source",
  "pk": 10,
  "fields": {
    "storage_hash": "0d677af76ca5bf5575d614e04932c3a4",
    "name": "profe1.jpeg",
    "modified": "2023-12-06T02:51:18.423Z"
  }
},
{
  "model": "easy_thumbnails.source",
  "pk": 11,
  "fields": {
    "storage_hash": "0d677af76ca5bf5575d614e04932c3a4",
    "name": "profe2.jpeg",
    "modified": "2023-12-06T03:11:44.141Z"
  }
},
{
  "model": "easy_thumbnails.source",
  "pk": 12,
  "fields": {
    "storage_hash": "0d677af76ca5bf5575d614e04932c3a4",
    "name": "cont3.png",
    "modified": "2023-12-05T16:37:31.586Z"
  }
},
{
  "model": "easy_thumbnails.source",
  "pk": 13,
  "fields": {
    "storage_hash": "0d677af76ca5bf5575d614e04932c3a4",
    "name": "cont1.png",
    "modified": "2023-12-05T16:37:31.652Z"
  }
},
{
  "model": "easy_thumbnails.source",
  "pk": 14,
  "fields": {
    "storage_hash": "0d677af76ca5bf5575d614e04932c3a4",
    "name": "cont2.png",
    "modified": "2023-12-05T16:37:31.708Z"
  }
},
{
  "model": "easy_thumbnails.source",
  "pk": 15,
  "fields": {
    "storage_hash": "0d677af76ca5bf5575d614e04932c3a4",
    "name": "cont4.png",
    "modified": "2023-12-05T16:40:07.601Z"
  }
},
{
  "model": "easy_thumbnails.source",
  "pk": 16,
  "fields": {
    "storage_hash": "0d677af76ca5bf5575d614e04932c3a4",
    "name": "cont5.png",
    "modified": "2023-12-05T16:42:08.817Z"
  }
},
{
  "model": "easy_thumbnails.source",
  "pk": 17,
  "fields": {
    "storage_hash": "0d677af76ca5bf5575d614e04932c3a4",
    "name": "cont7.png",
    "modified": "2023-12-05T17:01:11.845Z"
  }
},
{
  "model": "easy_thumbnails.source",
  "pk": 18,
  "fields": {
    "storage_hash": "0d677af76ca5bf5575d614e04932c3a4",
    "name": "cont8.png",
    "modified": "2023-12-05T17:01:11.914Z"
  }
},
{
  "model": "easy_thumbnails.source",
  "pk": 19,
  "fields": {
    "storage_hash": "0d677af76ca5bf5575d614e04932c3a4",
    "name": "cont10.png",
    "modified": "2023-12-05T17:01:11.973Z"
  }
},
{
  "model": "easy_thumbnails.source",
  "pk": 20,
  "fields": {
    "storage_hash": "0d677af76ca5bf5575d614e04932c3a4",
    "name": "cont6.png",
    "modified": "2023-12-05T17:01:12.037Z"
  }
},
{
  "model": "easy_thumbnails.source",
  "pk": 21,
  "fields": {
    "storage_hash": "0d677af76ca5bf5575d614e04932c3a4",
    "name": "cont9.png",
    "modified": "2023-12-05T17:01:12.097Z"
  }
},
{
  "model": "easy_thumbnails.source",
  "pk": 22,
  "fields": {
    "storage_hash": "0d677af76ca5bf5575d614e04932c3a4",
    "name": "cont11.png",
    "modified": "2023-12-05T17:07:22.889Z"
  }
},
{
  "model": "easy_thumbnails.source",
  "pk": 23,
  "fields": {
    "storage_hash": "0d677af76ca5bf5575d614e04932c3a4",
    "name": "cont12.png",
    "modified": "2023-12-05T17:07:23.042Z"
  }
},
{
  "model": "easy_thumbnails.source",
  "pk": 24,
  "fields": {
    "storage_hash": "0d677af76ca5bf5575d614e04932c3a4",
    "name": "cont13.png",
    "modified": "2023-12-05T17:07:23.197Z"
  }
},
{
  "model": "easy_thumbnails.source",
  "pk": 25,
  "fields": {
    "storage_hash": "0d677af76ca5bf5575d614e04932c3a4",
    "name": "cont14.png",
    "modified": "2023-12-05T17:12:24.020Z"
  }
},
{
  "model": "easy_thumbnails.source",
  "pk": 26,
  "fields": {
    "storage_hash": "0d677af76ca5bf5575d614e04932c3a4",
    "name": "cont15.png",
    "modified": "2023-12-05T17:12:24.175Z"
  }
},
{
  "model": "easy_thumbnails.source",
  "pk": 27,
  "fields": {
    "storage_hash": "0d677af76ca5bf5575d614e04932c3a4",
    "name": "cont16.png",
    "modified": "2023-12-05T17:12:24.330Z"
  }
},
{
  "model": "easy_thumbnails.source",
  "pk": 28,
  "fields": {
    "storage_hash": "0d677af76ca5bf5575d614e04932c3a4",
    "name": "alex.jpg",
    "modified": "2023-12-08T01:08:45.812Z"
  }
},
{
  "model": "easy_thumbnails.source",
  "pk": 29,
  "fields": {
    "storage_hash": "0d677af76ca5bf5575d614e04932c3a4",
    "name": "alvaro.jpg",
    "modified": "2023-12-07T23:58:47.789Z"
  }
},
{
  "model": "easy_thumbnails.source",
  "pk": 30,
  "fields": {
    "storage_hash": "0d677af76ca5bf5575d614e04932c3a4",
    "name": "denna.jpg",
    "modified": "2023-12-07T19:16:06.350Z"
  }
},
{
  "model": "easy_thumbnails.source",
  "pk": 31,
  "fields": {
    "storage_hash": "0d677af76ca5bf5575d614e04932c3a4",
    "name": "beatriz.jpg",
    "modified": "2023-12-07T19:15:40.356Z"
  }
},
{
  "model": "easy_thumbnails.source",
  "pk": 32,
  "fields": {
    "storage_hash": "0d677af76ca5bf5575d614e04932c3a4",
    "name": "paul.jpg",
    "modified": "2023-12-06T02:27:57.406Z"
  }
},
{
  "model": "easy_thumbnails.source",
  "pk": 33,
  "fields": {
    "storage_hash": "0d677af76ca5bf5575d614e04932c3a4",
    "name": "omar.jpg",
    "modified": "2023-12-06T02:27:57.435Z"
  }
},
{
  "model": "easy_thumbnails.source",
  "pk": 34,
  "fields": {
    "storage_hash": "0d677af76ca5bf5575d614e04932c3a4",
    "name": "chiara.jpg",
    "modified": "2023-12-07T23:58:55.594Z"
  }
},
{
  "model": "easy_thumbnails.source",
  "pk": 35,
  "fields": {
    "storage_hash": "0d677af76ca5bf5575d614e04932c3a4",
    "name": "juanjo.jpg",
    "modified": "2023-12-07T23:59:02.386Z"
  }
},
{
  "model": "easy_thumbnails.source",
  "pk": 36,
  "fields": {
    "storage_hash": "0d677af76ca5bf5575d614e04932c3a4",
    "name": "salma.jpg",
    "modified": "2023-12-06T02:27:57.523Z"
  }
},
{
  "model": "easy_thumbnails.source",
  "pk": 37,
  "fields": {
    "storage_hash": "0d677af76ca5bf5575d614e04932c3a4",
    "name": "lucas.jpg",
    "modified": "2023-12-06T02:27:57.551Z"
  }
},
{
  "model": "easy_thumbnails.source",
  "pk": 38,
  "fields": {
    "storage_hash": "0d677af76ca5bf5575d614e04932c3a4",
    "name": "cristian.jpg",
    "modified": "2023-12-07T23:58:59.989Z"
  }
},
{
  "model": "easy_thumbnails.source",
  "pk": 39,
  "fields": {
    "storage_hash": "0d677af76ca5bf5575d614e04932c3a4",
    "name": "martin.jpg",
    "modified": "2023-12-06T02:27:57.612Z"
  }
},
{
  "model": "easy_thumbnails.source",
  "pk": 40,
  "fields": {
    "storage_hash": "0d677af76ca5bf5575d614e04932c3a4",
    "name": "naiara.jpg",
    "modified": "2023-12-08T01:08:41.917Z"
  }
},
{
  "model": "easy_thumbnails.source",
  "pk": 41,
  "fields": {
    "storage_hash": "0d677af76ca5bf5575d614e04932c3a4",
    "name": "ruslana.jpg",
    "modified": "2023-12-06T02:27:57.669Z"
  }
},
{
  "model": "easy_thumbnails.source",
  "pk": 42,
  "fields": {
    "storage_hash": "0d677af76ca5bf5575d614e04932c3a4",
    "name": "suzete.jpg",
    "modified": "2023-12-06T02:27:57.697Z"
  }
},
{
  "model": "easy_thumbnails.source",
  "pk": 43,
  "fields": {
    "storage_hash": "0d677af76ca5bf5575d614e04932c3a4",
    "name": "violeta.jpg",
    "modified": "2023-12-08T01:08:38.223Z"
  }
},
{
  "model": "easy_thumbnails.source",
  "pk": 44,
  "fields": {
    "storage_hash": "0d677af76ca5bf5575d614e04932c3a4",
    "name": "profe1_fRDkWmi.jpeg",
    "modified": "2023-12-06T03:11:44.127Z"
  }
},
{
  "model": "easy_thumbnails.source",
  "pk": 45,
  "fields": {
    "storage_hash": "0d677af76ca5bf5575d614e04932c3a4",
    "name": "profe2_F8TpjNV.jpeg",
    "modified": "2023-12-06T04:08:20.797Z"
  }
},
{
  "model": "easy_thumbnails.source",
  "pk": 46,
  "fields": {
    "storage_hash": "0d677af76ca5bf5575d614e04932c3a4",
    "name": "cris-regatero-min.jpg",
    "modified": "2023-12-06T03:26:28.744Z"
  }
},
{
  "model": "easy_thumbnails.source",
  "pk": 47,
  "fields": {
    "storage_hash": "0d677af76ca5bf5575d614e04932c3a4",
    "name": "buika-min.jpg",
    "modified": "2023-12-06T03:26:28.767Z"
  }
},
{
  "model": "easy_thumbnails.source",
  "pk": 48,
  "fields": {
    "storage_hash": "0d677af76ca5bf5575d614e04932c3a4",
    "name": "pablo-rouss-min.jpg",
    "modified": "2023-12-06T03:26:28.785Z"
  }
},
{
  "model": "easy_thumbnails.source",
  "pk": 49,
  "fields": {
    "storage_hash": "0d677af76ca5bf5575d614e04932c3a4",
    "name": "cris-regatero.jpg",
    "modified": "2023-12-06T03:31:21.715Z"
  }
},
{
  "model": "easy_thumbnails.source",
  "pk": 50,
  "fields": {
    "storage_hash": "0d677af76ca5bf5575d614e04932c3a4",
    "name": "buika.jpg",
    "modified": "2023-12-07T11:56:11.868Z"
  }
},
{
  "model": "easy_thumbnails.source",
  "pk": 51,
  "fields": {
    "storage_hash": "0d677af76ca5bf5575d614e04932c3a4",
    "name": "pablo.jpg",
    "modified": "2023-12-07T11:56:11.889Z"
  }
},
{
  "model": "easy_thumbnails.source",
  "pk": 52,
  "fields": {
    "storage_hash": "0d677af76ca5bf5575d614e04932c3a4",
    "name": "cris-regatero_Un9gQsX.jpg",
    "modified": "2023-12-07T11:56:11.823Z"
  }
},
{
  "model": "easy_thumbnails.thumbnail",
  "pk": 1,
  "fields": {
    "storage_hash": "d26becbf46ac48eda79c7a39a13a02dd",
    "name": "profe11.jpeg.180x180_q85.jpg",
    "modified": "2023-12-05T15:14:03.285Z",
    "source": 1
  }
},
{
  "model": "easy_thumbnails.thumbnail",
  "pk": 2,
  "fields": {
    "storage_hash": "d26becbf46ac48eda79c7a39a13a02dd",
    "name": "profe10.jpeg.180x180_q85.jpg",
    "modified": "2023-12-05T15:14:03.306Z",
    "source": 2
  }
},
{
  "model": "easy_thumbnails.thumbnail",
  "pk": 3,
  "fields": {
    "storage_hash": "d26becbf46ac48eda79c7a39a13a02dd",
    "name": "profe9.jpeg.180x180_q85.jpg",
    "modified": "2023-12-05T15:14:03.326Z",
    "source": 3
  }
},
{
  "model": "easy_thumbnails.thumbnail",
  "pk": 4,
  "fields": {
    "storage_hash": "d26becbf46ac48eda79c7a39a13a02dd",
    "name": "profe8.jpeg.180x180_q85.jpg",
    "modified": "2023-12-05T15:14:03.345Z",
    "source": 4
  }
},
{
  "model": "easy_thumbnails.thumbnail",
  "pk": 5,
  "fields": {
    "storage_hash": "d26becbf46ac48eda79c7a39a13a02dd",
    "name": "profe7.jpeg.180x180_q85.jpg",
    "modified": "2023-12-05T15:14:03.364Z",
    "source": 5
  }
},
{
  "model": "easy_thumbnails.thumbnail",
  "pk": 6,
  "fields": {
    "storage_hash": "d26becbf46ac48eda79c7a39a13a02dd",
    "name": "profe6.jpeg.180x180_q85.jpg",
    "modified": "2023-12-05T15:14:03.384Z",
    "source": 6
  }
},
{
  "model": "easy_thumbnails.thumbnail",
  "pk": 7,
  "fields": {
    "storage_hash": "d26becbf46ac48eda79c7a39a13a02dd",
    "name": "profe5.jpeg.180x180_q85.jpg",
    "modified": "2023-12-05T15:14:03.403Z",
    "source": 7
  }
},
{
  "model": "easy_thumbnails.thumbnail",
  "pk": 8,
  "fields": {
    "storage_hash": "d26becbf46ac48eda79c7a39a13a02dd",
    "name": "profe3.jpeg.180x180_q85.jpg",
    "modified": "2023-12-05T15:14:03.424Z",
    "source": 8
  }
},
{
  "model": "easy_thumbnails.thumbnail",
  "pk": 9,
  "fields": {
    "storage_hash": "d26becbf46ac48eda79c7a39a13a02dd",
    "name": "profe4.jpeg.180x180_q85.jpg",
    "modified": "2023-12-05T15:14:03.443Z",
    "source": 9
  }
},
{
  "model": "easy_thumbnails.thumbnail",
  "pk": 10,
  "fields": {
    "storage_hash": "d26becbf46ac48eda79c7a39a13a02dd",
    "name": "profe1.jpeg.180x180_q85.jpg",
    "modified": "2023-12-05T15:14:03.463Z",
    "source": 10
  }
},
{
  "model": "easy_thumbnails.thumbnail",
  "pk": 11,
  "fields": {
    "storage_hash": "d26becbf46ac48eda79c7a39a13a02dd",
    "name": "profe2.jpeg.180x180_q85.jpg",
    "modified": "2023-12-05T15:14:03.483Z",
    "source": 11
  }
},
{
  "model": "easy_thumbnails.thumbnail",
  "pk": 12,
  "fields": {
    "storage_hash": "d26becbf46ac48eda79c7a39a13a02dd",
    "name": "profe11.jpeg.200x200_q85.jpg",
    "modified": "2023-12-05T15:18:14.355Z",
    "source": 1
  }
},
{
  "model": "easy_thumbnails.thumbnail",
  "pk": 13,
  "fields": {
    "storage_hash": "d26becbf46ac48eda79c7a39a13a02dd",
    "name": "profe10.jpeg.200x200_q85.jpg",
    "modified": "2023-12-05T15:18:14.379Z",
    "source": 2
  }
},
{
  "model": "easy_thumbnails.thumbnail",
  "pk": 14,
  "fields": {
    "storage_hash": "d26becbf46ac48eda79c7a39a13a02dd",
    "name": "profe9.jpeg.200x200_q85.jpg",
    "modified": "2023-12-05T15:18:14.403Z",
    "source": 3
  }
},
{
  "model": "easy_thumbnails.thumbnail",
  "pk": 15,
  "fields": {
    "storage_hash": "d26becbf46ac48eda79c7a39a13a02dd",
    "name": "profe8.jpeg.200x200_q85.jpg",
    "modified": "2023-12-05T15:18:14.425Z",
    "source": 4
  }
},
{
  "model": "easy_thumbnails.thumbnail",
  "pk": 16,
  "fields": {
    "storage_hash": "d26becbf46ac48eda79c7a39a13a02dd",
    "name": "profe7.jpeg.200x200_q85.jpg",
    "modified": "2023-12-05T15:18:14.448Z",
    "source": 5
  }
},
{
  "model": "easy_thumbnails.thumbnail",
  "pk": 17,
  "fields": {
    "storage_hash": "d26becbf46ac48eda79c7a39a13a02dd",
    "name": "profe6.jpeg.200x200_q85.jpg",
    "modified": "2023-12-05T15:18:14.472Z",
    "source": 6
  }
},
{
  "model": "easy_thumbnails.thumbnail",
  "pk": 18,
  "fields": {
    "storage_hash": "d26becbf46ac48eda79c7a39a13a02dd",
    "name": "profe5.jpeg.200x200_q85.jpg",
    "modified": "2023-12-05T15:18:14.498Z",
    "source": 7
  }
},
{
  "model": "easy_thumbnails.thumbnail",
  "pk": 19,
  "fields": {
    "storage_hash": "d26becbf46ac48eda79c7a39a13a02dd",
    "name": "profe3.jpeg.200x200_q85.jpg",
    "modified": "2023-12-05T15:18:14.524Z",
    "source": 8
  }
},
{
  "model": "easy_thumbnails.thumbnail",
  "pk": 20,
  "fields": {
    "storage_hash": "d26becbf46ac48eda79c7a39a13a02dd",
    "name": "profe4.jpeg.200x200_q85.jpg",
    "modified": "2023-12-05T15:18:14.560Z",
    "source": 9
  }
},
{
  "model": "easy_thumbnails.thumbnail",
  "pk": 21,
  "fields": {
    "storage_hash": "d26becbf46ac48eda79c7a39a13a02dd",
    "name": "profe1.jpeg.200x200_q85.jpg",
    "modified": "2023-12-05T15:18:14.587Z",
    "source": 10
  }
},
{
  "model": "easy_thumbnails.thumbnail",
  "pk": 22,
  "fields": {
    "storage_hash": "d26becbf46ac48eda79c7a39a13a02dd",
    "name": "profe2.jpeg.200x200_q85.jpg",
    "modified": "2023-12-05T15:18:14.612Z",
    "source": 11
  }
},
{
  "model": "easy_thumbnails.thumbnail",
  "pk": 23,
  "fields": {
    "storage_hash": "d26becbf46ac48eda79c7a39a13a02dd",
    "name": "profe11.jpeg.250x250_q85.jpg",
    "modified": "2023-12-06T02:54:36.634Z",
    "source": 1
  }
},
{
  "model": "easy_thumbnails.thumbnail",
  "pk": 24,
  "fields": {
    "storage_hash": "d26becbf46ac48eda79c7a39a13a02dd",
    "name": "profe10.jpeg.250x250_q85.jpg",
    "modified": "2023-12-06T02:54:36.655Z",
    "source": 2
  }
},
{
  "model": "easy_thumbnails.thumbnail",
  "pk": 25,
  "fields": {
    "storage_hash": "d26becbf46ac48eda79c7a39a13a02dd",
    "name": "profe9.jpeg.250x250_q85.jpg",
    "modified": "2023-12-06T03:12:59.130Z",
    "source": 3
  }
},
{
  "model": "easy_thumbnails.thumbnail",
  "pk": 26,
  "fields": {
    "storage_hash": "d26becbf46ac48eda79c7a39a13a02dd",
    "name": "profe8.jpeg.250x250_q85.jpg",
    "modified": "2023-12-06T03:12:59.153Z",
    "source": 4
  }
},
{
  "model": "easy_thumbnails.thumbnail",
  "pk": 27,
  "fields": {
    "storage_hash": "d26becbf46ac48eda79c7a39a13a02dd",
    "name": "profe7.jpeg.250x250_q85.jpg",
    "modified": "2023-12-06T03:12:59.170Z",
    "source": 5
  }
},
{
  "model": "easy_thumbnails.thumbnail",
  "pk": 28,
  "fields": {
    "storage_hash": "d26becbf46ac48eda79c7a39a13a02dd",
    "name": "profe6.jpeg.250x250_q85.jpg",
    "modified": "2023-12-06T03:14:11.392Z",
    "source": 6
  }
},
{
  "model": "easy_thumbnails.thumbnail",
  "pk": 29,
  "fields": {
    "storage_hash": "d26becbf46ac48eda79c7a39a13a02dd",
    "name": "profe5.jpeg.250x250_q85.jpg",
    "modified": "2023-12-06T03:14:11.416Z",
    "source": 7
  }
},
{
  "model": "easy_thumbnails.thumbnail",
  "pk": 30,
  "fields": {
    "storage_hash": "d26becbf46ac48eda79c7a39a13a02dd",
    "name": "profe3.jpeg.250x250_q85.jpg",
    "modified": "2023-12-06T03:14:39.627Z",
    "source": 8
  }
},
{
  "model": "easy_thumbnails.thumbnail",
  "pk": 31,
  "fields": {
    "storage_hash": "d26becbf46ac48eda79c7a39a13a02dd",
    "name": "profe4.jpeg.250x250_q85.jpg",
    "modified": "2023-12-06T03:14:11.434Z",
    "source": 9
  }
},
{
  "model": "easy_thumbnails.thumbnail",
  "pk": 32,
  "fields": {
    "storage_hash": "d26becbf46ac48eda79c7a39a13a02dd",
    "name": "profe1.jpeg.250x250_q85.jpg",
    "modified": "2023-12-06T02:51:18.427Z",
    "source": 10
  }
},
{
  "model": "easy_thumbnails.thumbnail",
  "pk": 33,
  "fields": {
    "storage_hash": "d26becbf46ac48eda79c7a39a13a02dd",
    "name": "profe2.jpeg.250x250_q85.jpg",
    "modified": "2023-12-06T02:51:18.446Z",
    "source": 11
  }
},
{
  "model": "easy_thumbnails.thumbnail",
  "pk": 34,
  "fields": {
    "storage_hash": "d26becbf46ac48eda79c7a39a13a02dd",
    "name": "cont3.png.250x250_q85.jpg",
    "modified": "2023-12-05T16:37:31.593Z",
    "source": 12
  }
},
{
  "model": "easy_thumbnails.thumbnail",
  "pk": 35,
  "fields": {
    "storage_hash": "d26becbf46ac48eda79c7a39a13a02dd",
    "name": "cont1.png.250x250_q85.jpg",
    "modified": "2023-12-05T16:37:31.658Z",
    "source": 13
  }
},
{
  "model": "easy_thumbnails.thumbnail",
  "pk": 36,
  "fields": {
    "storage_hash": "d26becbf46ac48eda79c7a39a13a02dd",
    "name": "cont2.png.250x250_q85.jpg",
    "modified": "2023-12-05T16:37:31.713Z",
    "source": 14
  }
},
{
  "model": "easy_thumbnails.thumbnail",
  "pk": 37,
  "fields": {
    "storage_hash": "d26becbf46ac48eda79c7a39a13a02dd",
    "name": "cont4.png.250x250_q85.jpg",
    "modified": "2023-12-05T16:40:07.615Z",
    "source": 15
  }
},
{
  "model": "easy_thumbnails.thumbnail",
  "pk": 38,
  "fields": {
    "storage_hash": "d26becbf46ac48eda79c7a39a13a02dd",
    "name": "cont5.png.250x250_q85.jpg",
    "modified": "2023-12-05T16:42:08.826Z",
    "source": 16
  }
},
{
  "model": "easy_thumbnails.thumbnail",
  "pk": 39,
  "fields": {
    "storage_hash": "d26becbf46ac48eda79c7a39a13a02dd",
    "name": "cont7.png.250x250_q85.jpg",
    "modified": "2023-12-05T17:01:11.857Z",
    "source": 17
  }
},
{
  "model": "easy_thumbnails.thumbnail",
  "pk": 40,
  "fields": {
    "storage_hash": "d26becbf46ac48eda79c7a39a13a02dd",
    "name": "cont8.png.250x250_q85.jpg",
    "modified": "2023-12-05T17:01:11.921Z",
    "source": 18
  }
},
{
  "model": "easy_thumbnails.thumbnail",
  "pk": 41,
  "fields": {
    "storage_hash": "d26becbf46ac48eda79c7a39a13a02dd",
    "name": "cont10.png.250x250_q85.jpg",
    "modified": "2023-12-05T17:01:11.978Z",
    "source": 19
  }
},
{
  "model": "easy_thumbnails.thumbnail",
  "pk": 42,
  "fields": {
    "storage_hash": "d26becbf46ac48eda79c7a39a13a02dd",
    "name": "cont6.png.250x250_q85.jpg",
    "modified": "2023-12-05T17:01:12.042Z",
    "source": 20
  }
},
{
  "model": "easy_thumbnails.thumbnail",
  "pk": 43,
  "fields": {
    "storage_hash": "d26becbf46ac48eda79c7a39a13a02dd",
    "name": "cont9.png.250x250_q85.jpg",
    "modified": "2023-12-05T17:01:12.104Z",
    "source": 21
  }
},
{
  "model": "easy_thumbnails.thumbnail",
  "pk": 44,
  "fields": {
    "storage_hash": "d26becbf46ac48eda79c7a39a13a02dd",
    "name": "cont11.png.250x250_q85.png",
    "modified": "2023-12-05T17:07:22.897Z",
    "source": 22
  }
},
{
  "model": "easy_thumbnails.thumbnail",
  "pk": 45,
  "fields": {
    "storage_hash": "d26becbf46ac48eda79c7a39a13a02dd",
    "name": "cont12.png.250x250_q85.png",
    "modified": "2023-12-05T17:07:23.051Z",
    "source": 23
  }
},
{
  "model": "easy_thumbnails.thumbnail",
  "pk": 46,
  "fields": {
    "storage_hash": "d26becbf46ac48eda79c7a39a13a02dd",
    "name": "cont13.png.250x250_q85.png",
    "modified": "2023-12-05T17:07:23.205Z",
    "source": 24
  }
},
{
  "model": "easy_thumbnails.thumbnail",
  "pk": 47,
  "fields": {
    "storage_hash": "d26becbf46ac48eda79c7a39a13a02dd",
    "name": "cont14.png.250x250_q85.png",
    "modified": "2023-12-05T17:12:24.030Z",
    "source": 25
  }
},
{
  "model": "easy_thumbnails.thumbnail",
  "pk": 48,
  "fields": {
    "storage_hash": "d26becbf46ac48eda79c7a39a13a02dd",
    "name": "cont15.png.250x250_q85.png",
    "modified": "2023-12-05T17:12:24.183Z",
    "source": 26
  }
},
{
  "model": "easy_thumbnails.thumbnail",
  "pk": 49,
  "fields": {
    "storage_hash": "d26becbf46ac48eda79c7a39a13a02dd",
    "name": "cont16.png.250x250_q85.png",
    "modified": "2023-12-05T17:12:24.337Z",
    "source": 27
  }
},
{
  "model": "easy_thumbnails.thumbnail",
  "pk": 50,
  "fields": {
    "storage_hash": "d26becbf46ac48eda79c7a39a13a02dd",
    "name": "alex.jpg.250x250_q85.jpg",
    "modified": "2023-12-06T02:19:37.245Z",
    "source": 28
  }
},
{
  "model": "easy_thumbnails.thumbnail",
  "pk": 51,
  "fields": {
    "storage_hash": "d26becbf46ac48eda79c7a39a13a02dd",
    "name": "alvaro.jpg.250x250_q85.jpg",
    "modified": "2023-12-06T02:19:37.279Z",
    "source": 29
  }
},
{
  "model": "easy_thumbnails.thumbnail",
  "pk": 52,
  "fields": {
    "storage_hash": "d26becbf46ac48eda79c7a39a13a02dd",
    "name": "denna.jpg.250x250_q85.jpg",
    "modified": "2023-12-06T02:19:37.311Z",
    "source": 30
  }
},
{
  "model": "easy_thumbnails.thumbnail",
  "pk": 53,
  "fields": {
    "storage_hash": "d26becbf46ac48eda79c7a39a13a02dd",
    "name": "beatriz.jpg.250x250_q85.jpg",
    "modified": "2023-12-06T02:19:37.341Z",
    "source": 31
  }
},
{
  "model": "easy_thumbnails.thumbnail",
  "pk": 54,
  "fields": {
    "storage_hash": "d26becbf46ac48eda79c7a39a13a02dd",
    "name": "paul.jpg.250x250_q85.jpg",
    "modified": "2023-12-06T02:19:37.370Z",
    "source": 32
  }
},
{
  "model": "easy_thumbnails.thumbnail",
  "pk": 55,
  "fields": {
    "storage_hash": "d26becbf46ac48eda79c7a39a13a02dd",
    "name": "omar.jpg.250x250_q85.jpg",
    "modified": "2023-12-06T02:19:37.399Z",
    "source": 33
  }
},
{
  "model": "easy_thumbnails.thumbnail",
  "pk": 56,
  "fields": {
    "storage_hash": "d26becbf46ac48eda79c7a39a13a02dd",
    "name": "chiara.jpg.250x250_q85.jpg",
    "modified": "2023-12-06T02:19:37.426Z",
    "source": 34
  }
},
{
  "model": "easy_thumbnails.thumbnail",
  "pk": 57,
  "fields": {
    "storage_hash": "d26becbf46ac48eda79c7a39a13a02dd",
    "name": "juanjo.jpg.250x250_q85.jpg",
    "modified": "2023-12-06T02:19:37.454Z",
    "source": 35
  }
},
{
  "model": "easy_thumbnails.thumbnail",
  "pk": 58,
  "fields": {
    "storage_hash": "d26becbf46ac48eda79c7a39a13a02dd",
    "name": "salma.jpg.250x250_q85.jpg",
    "modified": "2023-12-06T02:19:37.483Z",
    "source": 36
  }
},
{
  "model": "easy_thumbnails.thumbnail",
  "pk": 59,
  "fields": {
    "storage_hash": "d26becbf46ac48eda79c7a39a13a02dd",
    "name": "lucas.jpg.250x250_q85.jpg",
    "modified": "2023-12-06T02:19:37.512Z",
    "source": 37
  }
},
{
  "model": "easy_thumbnails.thumbnail",
  "pk": 60,
  "fields": {
    "storage_hash": "d26becbf46ac48eda79c7a39a13a02dd",
    "name": "cristian.jpg.250x250_q85.jpg",
    "modified": "2023-12-06T02:19:37.541Z",
    "source": 38
  }
},
{
  "model": "easy_thumbnails.thumbnail",
  "pk": 61,
  "fields": {
    "storage_hash": "d26becbf46ac48eda79c7a39a13a02dd",
    "name": "martin.jpg.250x250_q85.jpg",
    "modified": "2023-12-06T02:19:37.571Z",
    "source": 39
  }
},
{
  "model": "easy_thumbnails.thumbnail",
  "pk": 62,
  "fields": {
    "storage_hash": "d26becbf46ac48eda79c7a39a13a02dd",
    "name": "naiara.jpg.250x250_q85.jpg",
    "modified": "2023-12-06T02:19:37.598Z",
    "source": 40
  }
},
{
  "model": "easy_thumbnails.thumbnail",
  "pk": 63,
  "fields": {
    "storage_hash": "d26becbf46ac48eda79c7a39a13a02dd",
    "name": "ruslana.jpg.250x250_q85.jpg",
    "modified": "2023-12-06T02:19:37.627Z",
    "source": 41
  }
},
{
  "model": "easy_thumbnails.thumbnail",
  "pk": 64,
  "fields": {
    "storage_hash": "d26becbf46ac48eda79c7a39a13a02dd",
    "name": "suzete.jpg.250x250_q85.jpg",
    "modified": "2023-12-06T02:19:37.655Z",
    "source": 42
  }
},
{
  "model": "easy_thumbnails.thumbnail",
  "pk": 65,
  "fields": {
    "storage_hash": "d26becbf46ac48eda79c7a39a13a02dd",
    "name": "violeta.jpg.250x250_q85.jpg",
    "modified": "2023-12-06T02:19:37.683Z",
    "source": 43
  }
},
{
  "model": "easy_thumbnails.thumbnail",
  "pk": 66,
  "fields": {
    "storage_hash": "d26becbf46ac48eda79c7a39a13a02dd",
    "name": "alex.jpg.350x350_q85.jpg",
    "modified": "2023-12-06T02:21:13.507Z",
    "source": 28
  }
},
{
  "model": "easy_thumbnails.thumbnail",
  "pk": 67,
  "fields": {
    "storage_hash": "d26becbf46ac48eda79c7a39a13a02dd",
    "name": "alvaro.jpg.350x350_q85.jpg",
    "modified": "2023-12-06T02:21:13.539Z",
    "source": 29
  }
},
{
  "model": "easy_thumbnails.thumbnail",
  "pk": 68,
  "fields": {
    "storage_hash": "d26becbf46ac48eda79c7a39a13a02dd",
    "name": "denna.jpg.350x350_q85.jpg",
    "modified": "2023-12-06T02:21:13.569Z",
    "source": 30
  }
},
{
  "model": "easy_thumbnails.thumbnail",
  "pk": 69,
  "fields": {
    "storage_hash": "d26becbf46ac48eda79c7a39a13a02dd",
    "name": "beatriz.jpg.350x350_q85.jpg",
    "modified": "2023-12-06T02:21:13.600Z",
    "source": 31
  }
},
{
  "model": "easy_thumbnails.thumbnail",
  "pk": 70,
  "fields": {
    "storage_hash": "d26becbf46ac48eda79c7a39a13a02dd",
    "name": "paul.jpg.350x350_q85.jpg",
    "modified": "2023-12-06T02:21:13.627Z",
    "source": 32
  }
},
{
  "model": "easy_thumbnails.thumbnail",
  "pk": 71,
  "fields": {
    "storage_hash": "d26becbf46ac48eda79c7a39a13a02dd",
    "name": "omar.jpg.350x350_q85.jpg",
    "modified": "2023-12-06T02:21:13.656Z",
    "source": 33
  }
},
{
  "model": "easy_thumbnails.thumbnail",
  "pk": 72,
  "fields": {
    "storage_hash": "d26becbf46ac48eda79c7a39a13a02dd",
    "name": "chiara.jpg.350x350_q85.jpg",
    "modified": "2023-12-06T02:21:13.684Z",
    "source": 34
  }
},
{
  "model": "easy_thumbnails.thumbnail",
  "pk": 73,
  "fields": {
    "storage_hash": "d26becbf46ac48eda79c7a39a13a02dd",
    "name": "juanjo.jpg.350x350_q85.jpg",
    "modified": "2023-12-06T02:21:13.713Z",
    "source": 35
  }
},
{
  "model": "easy_thumbnails.thumbnail",
  "pk": 74,
  "fields": {
    "storage_hash": "d26becbf46ac48eda79c7a39a13a02dd",
    "name": "salma.jpg.350x350_q85.jpg",
    "modified": "2023-12-06T02:21:13.743Z",
    "source": 36
  }
},
{
  "model": "easy_thumbnails.thumbnail",
  "pk": 75,
  "fields": {
    "storage_hash": "d26becbf46ac48eda79c7a39a13a02dd",
    "name": "lucas.jpg.350x350_q85.jpg",
    "modified": "2023-12-06T02:21:13.772Z",
    "source": 37
  }
},
{
  "model": "easy_thumbnails.thumbnail",
  "pk": 76,
  "fields": {
    "storage_hash": "d26becbf46ac48eda79c7a39a13a02dd",
    "name": "cristian.jpg.350x350_q85.jpg",
    "modified": "2023-12-06T02:21:13.802Z",
    "source": 38
  }
},
{
  "model": "easy_thumbnails.thumbnail",
  "pk": 77,
  "fields": {
    "storage_hash": "d26becbf46ac48eda79c7a39a13a02dd",
    "name": "martin.jpg.350x350_q85.jpg",
    "modified": "2023-12-06T02:21:13.833Z",
    "source": 39
  }
},
{
  "model": "easy_thumbnails.thumbnail",
  "pk": 78,
  "fields": {
    "storage_hash": "d26becbf46ac48eda79c7a39a13a02dd",
    "name": "naiara.jpg.350x350_q85.jpg",
    "modified": "2023-12-06T02:21:13.861Z",
    "source": 40
  }
},
{
  "model": "easy_thumbnails.thumbnail",
  "pk": 79,
  "fields": {
    "storage_hash": "d26becbf46ac48eda79c7a39a13a02dd",
    "name": "ruslana.jpg.350x350_q85.jpg",
    "modified": "2023-12-06T02:21:13.890Z",
    "source": 41
  }
},
{
  "model": "easy_thumbnails.thumbnail",
  "pk": 80,
  "fields": {
    "storage_hash": "d26becbf46ac48eda79c7a39a13a02dd",
    "name": "suzete.jpg.350x350_q85.jpg",
    "modified": "2023-12-06T02:21:13.919Z",
    "source": 42
  }
},
{
  "model": "easy_thumbnails.thumbnail",
  "pk": 81,
  "fields": {
    "storage_hash": "d26becbf46ac48eda79c7a39a13a02dd",
    "name": "violeta.jpg.350x350_q85.jpg",
    "modified": "2023-12-06T02:21:13.949Z",
    "source": 43
  }
},
{
  "model": "easy_thumbnails.thumbnail",
  "pk": 82,
  "fields": {
    "storage_hash": "d26becbf46ac48eda79c7a39a13a02dd",
    "name": "alex.jpg.300x350_q85.jpg",
    "modified": "2023-12-06T02:25:37.776Z",
    "source": 28
  }
},
{
  "model": "easy_thumbnails.thumbnail",
  "pk": 83,
  "fields": {
    "storage_hash": "d26becbf46ac48eda79c7a39a13a02dd",
    "name": "alvaro.jpg.300x350_q85.jpg",
    "modified": "2023-12-06T02:25:37.811Z",
    "source": 29
  }
},
{
  "model": "easy_thumbnails.thumbnail",
  "pk": 84,
  "fields": {
    "storage_hash": "d26becbf46ac48eda79c7a39a13a02dd",
    "name": "denna.jpg.300x350_q85.jpg",
    "modified": "2023-12-06T02:25:37.843Z",
    "source": 30
  }
},
{
  "model": "easy_thumbnails.thumbnail",
  "pk": 85,
  "fields": {
    "storage_hash": "d26becbf46ac48eda79c7a39a13a02dd",
    "name": "beatriz.jpg.300x350_q85.jpg",
    "modified": "2023-12-06T02:25:37.878Z",
    "source": 31
  }
},
{
  "model": "easy_thumbnails.thumbnail",
  "pk": 86,
  "fields": {
    "storage_hash": "d26becbf46ac48eda79c7a39a13a02dd",
    "name": "paul.jpg.300x350_q85.jpg",
    "modified": "2023-12-06T02:25:37.906Z",
    "source": 32
  }
},
{
  "model": "easy_thumbnails.thumbnail",
  "pk": 87,
  "fields": {
    "storage_hash": "d26becbf46ac48eda79c7a39a13a02dd",
    "name": "omar.jpg.300x350_q85.jpg",
    "modified": "2023-12-06T02:25:37.935Z",
    "source": 33
  }
},
{
  "model": "easy_thumbnails.thumbnail",
  "pk": 88,
  "fields": {
    "storage_hash": "d26becbf46ac48eda79c7a39a13a02dd",
    "name": "chiara.jpg.300x350_q85.jpg",
    "modified": "2023-12-06T02:25:37.964Z",
    "source": 34
  }
},
{
  "model": "easy_thumbnails.thumbnail",
  "pk": 89,
  "fields": {
    "storage_hash": "d26becbf46ac48eda79c7a39a13a02dd",
    "name": "juanjo.jpg.300x350_q85.jpg",
    "modified": "2023-12-06T02:25:37.994Z",
    "source": 35
  }
},
{
  "model": "easy_thumbnails.thumbnail",
  "pk": 90,
  "fields": {
    "storage_hash": "d26becbf46ac48eda79c7a39a13a02dd",
    "name": "salma.jpg.300x350_q85.jpg",
    "modified": "2023-12-06T02:25:38.023Z",
    "source": 36
  }
},
{
  "model": "easy_thumbnails.thumbnail",
  "pk": 91,
  "fields": {
    "storage_hash": "d26becbf46ac48eda79c7a39a13a02dd",
    "name": "lucas.jpg.300x350_q85.jpg",
    "modified": "2023-12-06T02:25:38.052Z",
    "source": 37
  }
},
{
  "model": "easy_thumbnails.thumbnail",
  "pk": 92,
  "fields": {
    "storage_hash": "d26becbf46ac48eda79c7a39a13a02dd",
    "name": "cristian.jpg.300x350_q85.jpg",
    "modified": "2023-12-06T02:25:38.083Z",
    "source": 38
  }
},
{
  "model": "easy_thumbnails.thumbnail",
  "pk": 93,
  "fields": {
    "storage_hash": "d26becbf46ac48eda79c7a39a13a02dd",
    "name": "martin.jpg.300x350_q85.jpg",
    "modified": "2023-12-06T02:25:38.114Z",
    "source": 39
  }
},
{
  "model": "easy_thumbnails.thumbnail",
  "pk": 94,
  "fields": {
    "storage_hash": "d26becbf46ac48eda79c7a39a13a02dd",
    "name": "naiara.jpg.300x350_q85.jpg",
    "modified": "2023-12-06T02:25:38.143Z",
    "source": 40
  }
},
{
  "model": "easy_thumbnails.thumbnail",
  "pk": 95,
  "fields": {
    "storage_hash": "d26becbf46ac48eda79c7a39a13a02dd",
    "name": "ruslana.jpg.300x350_q85.jpg",
    "modified": "2023-12-06T02:25:38.172Z",
    "source": 41
  }
},
{
  "model": "easy_thumbnails.thumbnail",
  "pk": 96,
  "fields": {
    "storage_hash": "d26becbf46ac48eda79c7a39a13a02dd",
    "name": "suzete.jpg.300x350_q85.jpg",
    "modified": "2023-12-06T02:25:38.200Z",
    "source": 42
  }
},
{
  "model": "easy_thumbnails.thumbnail",
  "pk": 97,
  "fields": {
    "storage_hash": "d26becbf46ac48eda79c7a39a13a02dd",
    "name": "violeta.jpg.300x350_q85.jpg",
    "modified": "2023-12-06T02:25:38.229Z",
    "source": 43
  }
},
{
  "model": "easy_thumbnails.thumbnail",
  "pk": 98,
  "fields": {
    "storage_hash": "d26becbf46ac48eda79c7a39a13a02dd",
    "name": "alex.jpg.200x350_q85.jpg",
    "modified": "2023-12-06T02:25:51.727Z",
    "source": 28
  }
},
{
  "model": "easy_thumbnails.thumbnail",
  "pk": 99,
  "fields": {
    "storage_hash": "d26becbf46ac48eda79c7a39a13a02dd",
    "name": "alvaro.jpg.200x350_q85.jpg",
    "modified": "2023-12-06T02:25:51.762Z",
    "source": 29
  }
},
{
  "model": "easy_thumbnails.thumbnail",
  "pk": 100,
  "fields": {
    "storage_hash": "d26becbf46ac48eda79c7a39a13a02dd",
    "name": "denna.jpg.200x350_q85.jpg",
    "modified": "2023-12-06T02:25:51.794Z",
    "source": 30
  }
},
{
  "model": "easy_thumbnails.thumbnail",
  "pk": 101,
  "fields": {
    "storage_hash": "d26becbf46ac48eda79c7a39a13a02dd",
    "name": "beatriz.jpg.200x350_q85.jpg",
    "modified": "2023-12-06T02:25:51.823Z",
    "source": 31
  }
},
{
  "model": "easy_thumbnails.thumbnail",
  "pk": 102,
  "fields": {
    "storage_hash": "d26becbf46ac48eda79c7a39a13a02dd",
    "name": "paul.jpg.200x350_q85.jpg",
    "modified": "2023-12-06T02:25:51.849Z",
    "source": 32
  }
},
{
  "model": "easy_thumbnails.thumbnail",
  "pk": 103,
  "fields": {
    "storage_hash": "d26becbf46ac48eda79c7a39a13a02dd",
    "name": "omar.jpg.200x350_q85.jpg",
    "modified": "2023-12-06T02:25:51.877Z",
    "source": 33
  }
},
{
  "model": "easy_thumbnails.thumbnail",
  "pk": 104,
  "fields": {
    "storage_hash": "d26becbf46ac48eda79c7a39a13a02dd",
    "name": "chiara.jpg.200x350_q85.jpg",
    "modified": "2023-12-06T02:25:51.904Z",
    "source": 34
  }
},
{
  "model": "easy_thumbnails.thumbnail",
  "pk": 105,
  "fields": {
    "storage_hash": "d26becbf46ac48eda79c7a39a13a02dd",
    "name": "juanjo.jpg.200x350_q85.jpg",
    "modified": "2023-12-06T02:25:51.932Z",
    "source": 35
  }
},
{
  "model": "easy_thumbnails.thumbnail",
  "pk": 106,
  "fields": {
    "storage_hash": "d26becbf46ac48eda79c7a39a13a02dd",
    "name": "salma.jpg.200x350_q85.jpg",
    "modified": "2023-12-06T02:25:51.960Z",
    "source": 36
  }
},
{
  "model": "easy_thumbnails.thumbnail",
  "pk": 107,
  "fields": {
    "storage_hash": "d26becbf46ac48eda79c7a39a13a02dd",
    "name": "lucas.jpg.200x350_q85.jpg",
    "modified": "2023-12-06T02:25:51.987Z",
    "source": 37
  }
},
{
  "model": "easy_thumbnails.thumbnail",
  "pk": 108,
  "fields": {
    "storage_hash": "d26becbf46ac48eda79c7a39a13a02dd",
    "name": "cristian.jpg.200x350_q85.jpg",
    "modified": "2023-12-06T02:25:52.016Z",
    "source": 38
  }
},
{
  "model": "easy_thumbnails.thumbnail",
  "pk": 109,
  "fields": {
    "storage_hash": "d26becbf46ac48eda79c7a39a13a02dd",
    "name": "martin.jpg.200x350_q85.jpg",
    "modified": "2023-12-06T02:25:52.045Z",
    "source": 39
  }
},
{
  "model": "easy_thumbnails.thumbnail",
  "pk": 110,
  "fields": {
    "storage_hash": "d26becbf46ac48eda79c7a39a13a02dd",
    "name": "naiara.jpg.200x350_q85.jpg",
    "modified": "2023-12-06T02:25:52.072Z",
    "source": 40
  }
},
{
  "model": "easy_thumbnails.thumbnail",
  "pk": 111,
  "fields": {
    "storage_hash": "d26becbf46ac48eda79c7a39a13a02dd",
    "name": "ruslana.jpg.200x350_q85.jpg",
    "modified": "2023-12-06T02:25:52.100Z",
    "source": 41
  }
},
{
  "model": "easy_thumbnails.thumbnail",
  "pk": 112,
  "fields": {
    "storage_hash": "d26becbf46ac48eda79c7a39a13a02dd",
    "name": "suzete.jpg.200x350_q85.jpg",
    "modified": "2023-12-06T02:25:52.127Z",
    "source": 42
  }
},
{
  "model": "easy_thumbnails.thumbnail",
  "pk": 113,
  "fields": {
    "storage_hash": "d26becbf46ac48eda79c7a39a13a02dd",
    "name": "violeta.jpg.200x350_q85.jpg",
    "modified": "2023-12-06T02:25:52.155Z",
    "source": 43
  }
},
{
  "model": "easy_thumbnails.thumbnail",
  "pk": 114,
  "fields": {
    "storage_hash": "d26becbf46ac48eda79c7a39a13a02dd",
    "name": "alex.jpg.100x350_q85.jpg",
    "modified": "2023-12-06T02:26:01.773Z",
    "source": 28
  }
},
{
  "model": "easy_thumbnails.thumbnail",
  "pk": 115,
  "fields": {
    "storage_hash": "d26becbf46ac48eda79c7a39a13a02dd",
    "name": "alvaro.jpg.100x350_q85.jpg",
    "modified": "2023-12-06T02:26:01.805Z",
    "source": 29
  }
},
{
  "model": "easy_thumbnails.thumbnail",
  "pk": 116,
  "fields": {
    "storage_hash": "d26becbf46ac48eda79c7a39a13a02dd",
    "name": "denna.jpg.100x350_q85.jpg",
    "modified": "2023-12-06T02:26:01.831Z",
    "source": 30
  }
},
{
  "model": "easy_thumbnails.thumbnail",
  "pk": 117,
  "fields": {
    "storage_hash": "d26becbf46ac48eda79c7a39a13a02dd",
    "name": "beatriz.jpg.100x350_q85.jpg",
    "modified": "2023-12-06T02:26:01.858Z",
    "source": 31
  }
},
{
  "model": "easy_thumbnails.thumbnail",
  "pk": 118,
  "fields": {
    "storage_hash": "d26becbf46ac48eda79c7a39a13a02dd",
    "name": "paul.jpg.100x350_q85.jpg",
    "modified": "2023-12-06T02:26:01.882Z",
    "source": 32
  }
},
{
  "model": "easy_thumbnails.thumbnail",
  "pk": 119,
  "fields": {
    "storage_hash": "d26becbf46ac48eda79c7a39a13a02dd",
    "name": "omar.jpg.100x350_q85.jpg",
    "modified": "2023-12-06T02:26:01.906Z",
    "source": 33
  }
},
{
  "model": "easy_thumbnails.thumbnail",
  "pk": 120,
  "fields": {
    "storage_hash": "d26becbf46ac48eda79c7a39a13a02dd",
    "name": "chiara.jpg.100x350_q85.jpg",
    "modified": "2023-12-06T02:26:01.931Z",
    "source": 34
  }
},
{
  "model": "easy_thumbnails.thumbnail",
  "pk": 121,
  "fields": {
    "storage_hash": "d26becbf46ac48eda79c7a39a13a02dd",
    "name": "juanjo.jpg.100x350_q85.jpg",
    "modified": "2023-12-06T02:26:01.956Z",
    "source": 35
  }
},
{
  "model": "easy_thumbnails.thumbnail",
  "pk": 122,
  "fields": {
    "storage_hash": "d26becbf46ac48eda79c7a39a13a02dd",
    "name": "salma.jpg.100x350_q85.jpg",
    "modified": "2023-12-06T02:26:01.981Z",
    "source": 36
  }
},
{
  "model": "easy_thumbnails.thumbnail",
  "pk": 123,
  "fields": {
    "storage_hash": "d26becbf46ac48eda79c7a39a13a02dd",
    "name": "lucas.jpg.100x350_q85.jpg",
    "modified": "2023-12-06T02:26:02.005Z",
    "source": 37
  }
},
{
  "model": "easy_thumbnails.thumbnail",
  "pk": 124,
  "fields": {
    "storage_hash": "d26becbf46ac48eda79c7a39a13a02dd",
    "name": "cristian.jpg.100x350_q85.jpg",
    "modified": "2023-12-06T02:26:02.031Z",
    "source": 38
  }
},
{
  "model": "easy_thumbnails.thumbnail",
  "pk": 125,
  "fields": {
    "storage_hash": "d26becbf46ac48eda79c7a39a13a02dd",
    "name": "martin.jpg.100x350_q85.jpg",
    "modified": "2023-12-06T02:26:02.059Z",
    "source": 39
  }
},
{
  "model": "easy_thumbnails.thumbnail",
  "pk": 126,
  "fields": {
    "storage_hash": "d26becbf46ac48eda79c7a39a13a02dd",
    "name": "naiara.jpg.100x350_q85.jpg",
    "modified": "2023-12-06T02:26:02.083Z",
    "source": 40
  }
},
{
  "model": "easy_thumbnails.thumbnail",
  "pk": 127,
  "fields": {
    "storage_hash": "d26becbf46ac48eda79c7a39a13a02dd",
    "name": "ruslana.jpg.100x350_q85.jpg",
    "modified": "2023-12-06T02:26:02.108Z",
    "source": 41
  }
},
{
  "model": "easy_thumbnails.thumbnail",
  "pk": 128,
  "fields": {
    "storage_hash": "d26becbf46ac48eda79c7a39a13a02dd",
    "name": "suzete.jpg.100x350_q85.jpg",
    "modified": "2023-12-06T02:26:02.133Z",
    "source": 42
  }
},
{
  "model": "easy_thumbnails.thumbnail",
  "pk": 129,
  "fields": {
    "storage_hash": "d26becbf46ac48eda79c7a39a13a02dd",
    "name": "violeta.jpg.100x350_q85.jpg",
    "modified": "2023-12-06T02:26:02.159Z",
    "source": 43
  }
},
{
  "model": "easy_thumbnails.thumbnail",
  "pk": 130,
  "fields": {
    "storage_hash": "d26becbf46ac48eda79c7a39a13a02dd",
    "name": "alex.jpg.350x200_q85.jpg",
    "modified": "2023-12-06T02:26:13.954Z",
    "source": 28
  }
},
{
  "model": "easy_thumbnails.thumbnail",
  "pk": 131,
  "fields": {
    "storage_hash": "d26becbf46ac48eda79c7a39a13a02dd",
    "name": "alvaro.jpg.350x200_q85.jpg",
    "modified": "2023-12-06T02:26:13.988Z",
    "source": 29
  }
},
{
  "model": "easy_thumbnails.thumbnail",
  "pk": 132,
  "fields": {
    "storage_hash": "d26becbf46ac48eda79c7a39a13a02dd",
    "name": "denna.jpg.350x200_q85.jpg",
    "modified": "2023-12-06T02:26:14.016Z",
    "source": 30
  }
},
{
  "model": "easy_thumbnails.thumbnail",
  "pk": 133,
  "fields": {
    "storage_hash": "d26becbf46ac48eda79c7a39a13a02dd",
    "name": "beatriz.jpg.350x200_q85.jpg",
    "modified": "2023-12-06T02:26:14.043Z",
    "source": 31
  }
},
{
  "model": "easy_thumbnails.thumbnail",
  "pk": 134,
  "fields": {
    "storage_hash": "d26becbf46ac48eda79c7a39a13a02dd",
    "name": "paul.jpg.350x200_q85.jpg",
    "modified": "2023-12-06T02:26:14.069Z",
    "source": 32
  }
},
{
  "model": "easy_thumbnails.thumbnail",
  "pk": 135,
  "fields": {
    "storage_hash": "d26becbf46ac48eda79c7a39a13a02dd",
    "name": "omar.jpg.350x200_q85.jpg",
    "modified": "2023-12-06T02:26:14.095Z",
    "source": 33
  }
},
{
  "model": "easy_thumbnails.thumbnail",
  "pk": 136,
  "fields": {
    "storage_hash": "d26becbf46ac48eda79c7a39a13a02dd",
    "name": "chiara.jpg.350x200_q85.jpg",
    "modified": "2023-12-06T02:26:14.121Z",
    "source": 34
  }
},
{
  "model": "easy_thumbnails.thumbnail",
  "pk": 137,
  "fields": {
    "storage_hash": "d26becbf46ac48eda79c7a39a13a02dd",
    "name": "juanjo.jpg.350x200_q85.jpg",
    "modified": "2023-12-06T02:26:14.148Z",
    "source": 35
  }
},
{
  "model": "easy_thumbnails.thumbnail",
  "pk": 138,
  "fields": {
    "storage_hash": "d26becbf46ac48eda79c7a39a13a02dd",
    "name": "salma.jpg.350x200_q85.jpg",
    "modified": "2023-12-06T02:26:14.175Z",
    "source": 36
  }
},
{
  "model": "easy_thumbnails.thumbnail",
  "pk": 139,
  "fields": {
    "storage_hash": "d26becbf46ac48eda79c7a39a13a02dd",
    "name": "lucas.jpg.350x200_q85.jpg",
    "modified": "2023-12-06T02:26:14.202Z",
    "source": 37
  }
},
{
  "model": "easy_thumbnails.thumbnail",
  "pk": 140,
  "fields": {
    "storage_hash": "d26becbf46ac48eda79c7a39a13a02dd",
    "name": "cristian.jpg.350x200_q85.jpg",
    "modified": "2023-12-06T02:26:14.230Z",
    "source": 38
  }
},
{
  "model": "easy_thumbnails.thumbnail",
  "pk": 141,
  "fields": {
    "storage_hash": "d26becbf46ac48eda79c7a39a13a02dd",
    "name": "martin.jpg.350x200_q85.jpg",
    "modified": "2023-12-06T02:26:14.259Z",
    "source": 39
  }
},
{
  "model": "easy_thumbnails.thumbnail",
  "pk": 142,
  "fields": {
    "storage_hash": "d26becbf46ac48eda79c7a39a13a02dd",
    "name": "naiara.jpg.350x200_q85.jpg",
    "modified": "2023-12-06T02:26:14.285Z",
    "source": 40
  }
},
{
  "model": "easy_thumbnails.thumbnail",
  "pk": 143,
  "fields": {
    "storage_hash": "d26becbf46ac48eda79c7a39a13a02dd",
    "name": "ruslana.jpg.350x200_q85.jpg",
    "modified": "2023-12-06T02:26:14.312Z",
    "source": 41
  }
},
{
  "model": "easy_thumbnails.thumbnail",
  "pk": 144,
  "fields": {
    "storage_hash": "d26becbf46ac48eda79c7a39a13a02dd",
    "name": "suzete.jpg.350x200_q85.jpg",
    "modified": "2023-12-06T02:26:14.338Z",
    "source": 42
  }
},
{
  "model": "easy_thumbnails.thumbnail",
  "pk": 145,
  "fields": {
    "storage_hash": "d26becbf46ac48eda79c7a39a13a02dd",
    "name": "violeta.jpg.350x200_q85.jpg",
    "modified": "2023-12-06T02:26:14.365Z",
    "source": 43
  }
},
{
  "model": "easy_thumbnails.thumbnail",
  "pk": 146,
  "fields": {
    "storage_hash": "d26becbf46ac48eda79c7a39a13a02dd",
    "name": "alex.jpg.400x400_q85.jpg",
    "modified": "2023-12-06T02:26:25.942Z",
    "source": 28
  }
},
{
  "model": "easy_thumbnails.thumbnail",
  "pk": 147,
  "fields": {
    "storage_hash": "d26becbf46ac48eda79c7a39a13a02dd",
    "name": "alvaro.jpg.400x400_q85.jpg",
    "modified": "2023-12-06T02:26:25.978Z",
    "source": 29
  }
},
{
  "model": "easy_thumbnails.thumbnail",
  "pk": 148,
  "fields": {
    "storage_hash": "d26becbf46ac48eda79c7a39a13a02dd",
    "name": "denna.jpg.400x400_q85.jpg",
    "modified": "2023-12-06T02:26:26.009Z",
    "source": 30
  }
},
{
  "model": "easy_thumbnails.thumbnail",
  "pk": 149,
  "fields": {
    "storage_hash": "d26becbf46ac48eda79c7a39a13a02dd",
    "name": "beatriz.jpg.400x400_q85.jpg",
    "modified": "2023-12-06T02:26:26.040Z",
    "source": 31
  }
},
{
  "model": "easy_thumbnails.thumbnail",
  "pk": 150,
  "fields": {
    "storage_hash": "d26becbf46ac48eda79c7a39a13a02dd",
    "name": "paul.jpg.400x400_q85.jpg",
    "modified": "2023-12-06T02:26:26.069Z",
    "source": 32
  }
},
{
  "model": "easy_thumbnails.thumbnail",
  "pk": 151,
  "fields": {
    "storage_hash": "d26becbf46ac48eda79c7a39a13a02dd",
    "name": "omar.jpg.400x400_q85.jpg",
    "modified": "2023-12-06T02:26:26.099Z",
    "source": 33
  }
},
{
  "model": "easy_thumbnails.thumbnail",
  "pk": 152,
  "fields": {
    "storage_hash": "d26becbf46ac48eda79c7a39a13a02dd",
    "name": "chiara.jpg.400x400_q85.jpg",
    "modified": "2023-12-06T02:26:26.128Z",
    "source": 34
  }
},
{
  "model": "easy_thumbnails.thumbnail",
  "pk": 153,
  "fields": {
    "storage_hash": "d26becbf46ac48eda79c7a39a13a02dd",
    "name": "juanjo.jpg.400x400_q85.jpg",
    "modified": "2023-12-06T02:26:26.158Z",
    "source": 35
  }
},
{
  "model": "easy_thumbnails.thumbnail",
  "pk": 154,
  "fields": {
    "storage_hash": "d26becbf46ac48eda79c7a39a13a02dd",
    "name": "salma.jpg.400x400_q85.jpg",
    "modified": "2023-12-06T02:26:26.188Z",
    "source": 36
  }
},
{
  "model": "easy_thumbnails.thumbnail",
  "pk": 155,
  "fields": {
    "storage_hash": "d26becbf46ac48eda79c7a39a13a02dd",
    "name": "lucas.jpg.400x400_q85.jpg",
    "modified": "2023-12-06T02:26:26.218Z",
    "source": 37
  }
},
{
  "model": "easy_thumbnails.thumbnail",
  "pk": 156,
  "fields": {
    "storage_hash": "d26becbf46ac48eda79c7a39a13a02dd",
    "name": "cristian.jpg.400x400_q85.jpg",
    "modified": "2023-12-06T02:26:26.249Z",
    "source": 38
  }
},
{
  "model": "easy_thumbnails.thumbnail",
  "pk": 157,
  "fields": {
    "storage_hash": "d26becbf46ac48eda79c7a39a13a02dd",
    "name": "martin.jpg.400x400_q85.jpg",
    "modified": "2023-12-06T02:26:26.281Z",
    "source": 39
  }
},
{
  "model": "easy_thumbnails.thumbnail",
  "pk": 158,
  "fields": {
    "storage_hash": "d26becbf46ac48eda79c7a39a13a02dd",
    "name": "naiara.jpg.400x400_q85.jpg",
    "modified": "2023-12-06T02:26:26.311Z",
    "source": 40
  }
},
{
  "model": "easy_thumbnails.thumbnail",
  "pk": 159,
  "fields": {
    "storage_hash": "d26becbf46ac48eda79c7a39a13a02dd",
    "name": "ruslana.jpg.400x400_q85.jpg",
    "modified": "2023-12-06T02:26:26.341Z",
    "source": 41
  }
},
{
  "model": "easy_thumbnails.thumbnail",
  "pk": 160,
  "fields": {
    "storage_hash": "d26becbf46ac48eda79c7a39a13a02dd",
    "name": "suzete.jpg.400x400_q85.jpg",
    "modified": "2023-12-06T02:26:26.370Z",
    "source": 42
  }
},
{
  "model": "easy_thumbnails.thumbnail",
  "pk": 161,
  "fields": {
    "storage_hash": "d26becbf46ac48eda79c7a39a13a02dd",
    "name": "violeta.jpg.400x400_q85.jpg",
    "modified": "2023-12-06T02:26:26.400Z",
    "source": 43
  }
},
{
  "model": "easy_thumbnails.thumbnail",
  "pk": 162,
  "fields": {
    "storage_hash": "d26becbf46ac48eda79c7a39a13a02dd",
    "name": "alex.jpg.300x300_q85.jpg",
    "modified": "2023-12-06T02:27:57.283Z",
    "source": 28
  }
},
{
  "model": "easy_thumbnails.thumbnail",
  "pk": 163,
  "fields": {
    "storage_hash": "d26becbf46ac48eda79c7a39a13a02dd",
    "name": "alvaro.jpg.300x300_q85.jpg",
    "modified": "2023-12-06T02:27:57.316Z",
    "source": 29
  }
},
{
  "model": "easy_thumbnails.thumbnail",
  "pk": 164,
  "fields": {
    "storage_hash": "d26becbf46ac48eda79c7a39a13a02dd",
    "name": "denna.jpg.300x300_q85.jpg",
    "modified": "2023-12-06T02:27:57.348Z",
    "source": 30
  }
},
{
  "model": "easy_thumbnails.thumbnail",
  "pk": 165,
  "fields": {
    "storage_hash": "d26becbf46ac48eda79c7a39a13a02dd",
    "name": "beatriz.jpg.300x300_q85.jpg",
    "modified": "2023-12-06T02:27:57.379Z",
    "source": 31
  }
},
{
  "model": "easy_thumbnails.thumbnail",
  "pk": 166,
  "fields": {
    "storage_hash": "d26becbf46ac48eda79c7a39a13a02dd",
    "name": "paul.jpg.300x300_q85.jpg",
    "modified": "2023-12-06T02:27:57.407Z",
    "source": 32
  }
},
{
  "model": "easy_thumbnails.thumbnail",
  "pk": 167,
  "fields": {
    "storage_hash": "d26becbf46ac48eda79c7a39a13a02dd",
    "name": "omar.jpg.300x300_q85.jpg",
    "modified": "2023-12-06T02:27:57.436Z",
    "source": 33
  }
},
{
  "model": "easy_thumbnails.thumbnail",
  "pk": 168,
  "fields": {
    "storage_hash": "d26becbf46ac48eda79c7a39a13a02dd",
    "name": "chiara.jpg.300x300_q85.jpg",
    "modified": "2023-12-06T02:27:57.464Z",
    "source": 34
  }
},
{
  "model": "easy_thumbnails.thumbnail",
  "pk": 169,
  "fields": {
    "storage_hash": "d26becbf46ac48eda79c7a39a13a02dd",
    "name": "juanjo.jpg.300x300_q85.jpg",
    "modified": "2023-12-06T02:27:57.494Z",
    "source": 35
  }
},
{
  "model": "easy_thumbnails.thumbnail",
  "pk": 170,
  "fields": {
    "storage_hash": "d26becbf46ac48eda79c7a39a13a02dd",
    "name": "salma.jpg.300x300_q85.jpg",
    "modified": "2023-12-06T02:27:57.524Z",
    "source": 36
  }
},
{
  "model": "easy_thumbnails.thumbnail",
  "pk": 171,
  "fields": {
    "storage_hash": "d26becbf46ac48eda79c7a39a13a02dd",
    "name": "lucas.jpg.300x300_q85.jpg",
    "modified": "2023-12-06T02:27:57.552Z",
    "source": 37
  }
},
{
  "model": "easy_thumbnails.thumbnail",
  "pk": 172,
  "fields": {
    "storage_hash": "d26becbf46ac48eda79c7a39a13a02dd",
    "name": "cristian.jpg.300x300_q85.jpg",
    "modified": "2023-12-06T02:27:57.582Z",
    "source": 38
  }
},
{
  "model": "easy_thumbnails.thumbnail",
  "pk": 173,
  "fields": {
    "storage_hash": "d26becbf46ac48eda79c7a39a13a02dd",
    "name": "martin.jpg.300x300_q85.jpg",
    "modified": "2023-12-06T02:27:57.613Z",
    "source": 39
  }
},
{
  "model": "easy_thumbnails.thumbnail",
  "pk": 174,
  "fields": {
    "storage_hash": "d26becbf46ac48eda79c7a39a13a02dd",
    "name": "naiara.jpg.300x300_q85.jpg",
    "modified": "2023-12-06T02:27:57.641Z",
    "source": 40
  }
},
{
  "model": "easy_thumbnails.thumbnail",
  "pk": 175,
  "fields": {
    "storage_hash": "d26becbf46ac48eda79c7a39a13a02dd",
    "name": "ruslana.jpg.300x300_q85.jpg",
    "modified": "2023-12-06T02:27:57.670Z",
    "source": 41
  }
},
{
  "model": "easy_thumbnails.thumbnail",
  "pk": 176,
  "fields": {
    "storage_hash": "d26becbf46ac48eda79c7a39a13a02dd",
    "name": "suzete.jpg.300x300_q85.jpg",
    "modified": "2023-12-06T02:27:57.698Z",
    "source": 42
  }
},
{
  "model": "easy_thumbnails.thumbnail",
  "pk": 177,
  "fields": {
    "storage_hash": "d26becbf46ac48eda79c7a39a13a02dd",
    "name": "violeta.jpg.300x300_q85.jpg",
    "modified": "2023-12-06T02:27:57.727Z",
    "source": 43
  }
},
{
  "model": "easy_thumbnails.thumbnail",
  "pk": 178,
  "fields": {
    "storage_hash": "d26becbf46ac48eda79c7a39a13a02dd",
    "name": "profe1_fRDkWmi.jpeg.250x250_q85.jpg",
    "modified": "2023-12-06T02:54:01.861Z",
    "source": 44
  }
},
{
  "model": "easy_thumbnails.thumbnail",
  "pk": 179,
  "fields": {
    "storage_hash": "d26becbf46ac48eda79c7a39a13a02dd",
    "name": "profe11.jpeg.350x350_q85.jpg",
    "modified": "2023-12-06T03:11:32.008Z",
    "source": 1
  }
},
{
  "model": "easy_thumbnails.thumbnail",
  "pk": 180,
  "fields": {
    "storage_hash": "d26becbf46ac48eda79c7a39a13a02dd",
    "name": "profe10.jpeg.350x350_q85.jpg",
    "modified": "2023-12-06T03:11:32.029Z",
    "source": 2
  }
},
{
  "model": "easy_thumbnails.thumbnail",
  "pk": 181,
  "fields": {
    "storage_hash": "d26becbf46ac48eda79c7a39a13a02dd",
    "name": "profe1_fRDkWmi.jpeg.350x350_q85.jpg",
    "modified": "2023-12-06T03:11:32.046Z",
    "source": 44
  }
},
{
  "model": "easy_thumbnails.thumbnail",
  "pk": 182,
  "fields": {
    "storage_hash": "d26becbf46ac48eda79c7a39a13a02dd",
    "name": "profe2.jpeg.350x350_q85.jpg",
    "modified": "2023-12-06T03:11:32.058Z",
    "source": 11
  }
},
{
  "model": "easy_thumbnails.thumbnail",
  "pk": 183,
  "fields": {
    "storage_hash": "d26becbf46ac48eda79c7a39a13a02dd",
    "name": "profe11.jpeg.300x300_q85.jpg",
    "modified": "2023-12-06T03:11:44.086Z",
    "source": 1
  }
},
{
  "model": "easy_thumbnails.thumbnail",
  "pk": 184,
  "fields": {
    "storage_hash": "d26becbf46ac48eda79c7a39a13a02dd",
    "name": "profe10.jpeg.300x300_q85.jpg",
    "modified": "2023-12-06T03:11:44.108Z",
    "source": 2
  }
},
{
  "model": "easy_thumbnails.thumbnail",
  "pk": 185,
  "fields": {
    "storage_hash": "d26becbf46ac48eda79c7a39a13a02dd",
    "name": "profe1_fRDkWmi.jpeg.300x300_q85.jpg",
    "modified": "2023-12-06T03:11:44.129Z",
    "source": 44
  }
},
{
  "model": "easy_thumbnails.thumbnail",
  "pk": 186,
  "fields": {
    "storage_hash": "d26becbf46ac48eda79c7a39a13a02dd",
    "name": "profe2.jpeg.300x300_q85.jpg",
    "modified": "2023-12-06T03:11:44.141Z",
    "source": 11
  }
},
{
  "model": "easy_thumbnails.thumbnail",
  "pk": 187,
  "fields": {
    "storage_hash": "d26becbf46ac48eda79c7a39a13a02dd",
    "name": "profe9.jpeg.300x300_q85.jpg",
    "modified": "2023-12-06T03:12:13.515Z",
    "source": 3
  }
},
{
  "model": "easy_thumbnails.thumbnail",
  "pk": 188,
  "fields": {
    "storage_hash": "d26becbf46ac48eda79c7a39a13a02dd",
    "name": "profe8.jpeg.300x300_q85.jpg",
    "modified": "2023-12-06T03:12:40.442Z",
    "source": 4
  }
},
{
  "model": "easy_thumbnails.thumbnail",
  "pk": 189,
  "fields": {
    "storage_hash": "d26becbf46ac48eda79c7a39a13a02dd",
    "name": "profe7.jpeg.300x300_q85.jpg",
    "modified": "2023-12-06T03:12:40.467Z",
    "source": 5
  }
},
{
  "model": "easy_thumbnails.thumbnail",
  "pk": 190,
  "fields": {
    "storage_hash": "d26becbf46ac48eda79c7a39a13a02dd",
    "name": "profe2_F8TpjNV.jpeg.250x250_q85.jpg",
    "modified": "2023-12-06T03:14:39.651Z",
    "source": 45
  }
},
{
  "model": "easy_thumbnails.thumbnail",
  "pk": 191,
  "fields": {
    "storage_hash": "d26becbf46ac48eda79c7a39a13a02dd",
    "name": "cris-regatero-min.jpg.250x250_q85.jpg",
    "modified": "2023-12-06T03:26:28.748Z",
    "source": 46
  }
},
{
  "model": "easy_thumbnails.thumbnail",
  "pk": 192,
  "fields": {
    "storage_hash": "d26becbf46ac48eda79c7a39a13a02dd",
    "name": "buika-min.jpg.250x250_q85.jpg",
    "modified": "2023-12-06T03:26:28.768Z",
    "source": 47
  }
},
{
  "model": "easy_thumbnails.thumbnail",
  "pk": 193,
  "fields": {
    "storage_hash": "d26becbf46ac48eda79c7a39a13a02dd",
    "name": "pablo-rouss-min.jpg.250x250_q85.jpg",
    "modified": "2023-12-06T03:26:28.787Z",
    "source": 48
  }
},
{
  "model": "easy_thumbnails.thumbnail",
  "pk": 194,
  "fields": {
    "storage_hash": "d26becbf46ac48eda79c7a39a13a02dd",
    "name": "cris-regatero.jpg.250x250_q85.jpg",
    "modified": "2023-12-06T03:30:47.946Z",
    "source": 49
  }
},
{
  "model": "easy_thumbnails.thumbnail",
  "pk": 195,
  "fields": {
    "storage_hash": "d26becbf46ac48eda79c7a39a13a02dd",
    "name": "buika.jpg.250x250_q85.jpg",
    "modified": "2023-12-06T03:30:47.979Z",
    "source": 50
  }
},
{
  "model": "easy_thumbnails.thumbnail",
  "pk": 196,
  "fields": {
    "storage_hash": "d26becbf46ac48eda79c7a39a13a02dd",
    "name": "pablo.jpg.250x250_q85.jpg",
    "modified": "2023-12-06T03:30:47.999Z",
    "source": 51
  }
},
{
  "model": "easy_thumbnails.thumbnail",
  "pk": 197,
  "fields": {
    "storage_hash": "d26becbf46ac48eda79c7a39a13a02dd",
    "name": "cris-regatero.jpg.200x500_q85.jpg",
    "modified": "2023-12-06T03:31:21.717Z",
    "source": 49
  }
},
{
  "model": "easy_thumbnails.thumbnail",
  "pk": 198,
  "fields": {
    "storage_hash": "d26becbf46ac48eda79c7a39a13a02dd",
    "name": "buika.jpg.200x500_q85.jpg",
    "modified": "2023-12-06T03:31:21.747Z",
    "source": 50
  }
},
{
  "model": "easy_thumbnails.thumbnail",
  "pk": 199,
  "fields": {
    "storage_hash": "d26becbf46ac48eda79c7a39a13a02dd",
    "name": "pablo.jpg.200x500_q85.jpg",
    "modified": "2023-12-06T03:31:21.766Z",
    "source": 51
  }
},
{
  "model": "easy_thumbnails.thumbnail",
  "pk": 200,
  "fields": {
    "storage_hash": "d26becbf46ac48eda79c7a39a13a02dd",
    "name": "cris-regatero_Un9gQsX.jpg.180x180_q85.jpg",
    "modified": "2023-12-06T03:37:48.796Z",
    "source": 52
  }
},
{
  "model": "easy_thumbnails.thumbnail",
  "pk": 201,
  "fields": {
    "storage_hash": "d26becbf46ac48eda79c7a39a13a02dd",
    "name": "buika.jpg.180x180_q85.jpg",
    "modified": "2023-12-06T03:37:48.829Z",
    "source": 50
  }
},
{
  "model": "easy_thumbnails.thumbnail",
  "pk": 202,
  "fields": {
    "storage_hash": "d26becbf46ac48eda79c7a39a13a02dd",
    "name": "pablo.jpg.180x180_q85.jpg",
    "modified": "2023-12-06T03:37:48.850Z",
    "source": 51
  }
},
{
  "model": "easy_thumbnails.thumbnail",
  "pk": 203,
  "fields": {
    "storage_hash": "d26becbf46ac48eda79c7a39a13a02dd",
    "name": "cris-regatero_Un9gQsX.jpg.380x380_q85.jpg",
    "modified": "2023-12-06T03:38:05.964Z",
    "source": 52
  }
},
{
  "model": "easy_thumbnails.thumbnail",
  "pk": 204,
  "fields": {
    "storage_hash": "d26becbf46ac48eda79c7a39a13a02dd",
    "name": "buika.jpg.380x380_q85.jpg",
    "modified": "2023-12-06T03:38:05.999Z",
    "source": 50
  }
},
{
  "model": "easy_thumbnails.thumbnail",
  "pk": 205,
  "fields": {
    "storage_hash": "d26becbf46ac48eda79c7a39a13a02dd",
    "name": "pablo.jpg.380x380_q85.jpg",
    "modified": "2023-12-06T03:38:06.019Z",
    "source": 51
  }
},
{
  "model": "easy_thumbnails.thumbnail",
  "pk": 206,
  "fields": {
    "storage_hash": "d26becbf46ac48eda79c7a39a13a02dd",
    "name": "profe2_F8TpjNV.jpeg.350x350_q85.jpg",
    "modified": "2023-12-06T04:08:01.952Z",
    "source": 45
  }
},
{
  "model": "easy_thumbnails.thumbnail",
  "pk": 207,
  "fields": {
    "storage_hash": "d26becbf46ac48eda79c7a39a13a02dd",
    "name": "profe3.jpeg.350x350_q85.jpg",
    "modified": "2023-12-06T04:08:01.976Z",
    "source": 8
  }
},
{
  "model": "easy_thumbnails.thumbnail",
  "pk": 208,
  "fields": {
    "storage_hash": "d26becbf46ac48eda79c7a39a13a02dd",
    "name": "profe4.jpeg.350x350_q85.jpg",
    "modified": "2023-12-06T04:08:01.992Z",
    "source": 9
  }
},
{
  "model": "easy_thumbnails.thumbnail",
  "pk": 209,
  "fields": {
    "storage_hash": "d26becbf46ac48eda79c7a39a13a02dd",
    "name": "profe5.jpeg.350x350_q85.jpg",
    "modified": "2023-12-06T04:08:02.005Z",
    "source": 7
  }
},
{
  "model": "easy_thumbnails.thumbnail",
  "pk": 210,
  "fields": {
    "storage_hash": "d26becbf46ac48eda79c7a39a13a02dd",
    "name": "profe6.jpeg.350x350_q85.jpg",
    "modified": "2023-12-06T04:08:02.016Z",
    "source": 6
  }
},
{
  "model": "easy_thumbnails.thumbnail",
  "pk": 211,
  "fields": {
    "storage_hash": "d26becbf46ac48eda79c7a39a13a02dd",
    "name": "profe7.jpeg.350x350_q85.jpg",
    "modified": "2023-12-06T04:08:02.027Z",
    "source": 5
  }
},
{
  "model": "easy_thumbnails.thumbnail",
  "pk": 212,
  "fields": {
    "storage_hash": "d26becbf46ac48eda79c7a39a13a02dd",
    "name": "profe8.jpeg.350x350_q85.jpg",
    "modified": "2023-12-06T04:08:02.038Z",
    "source": 4
  }
},
{
  "model": "easy_thumbnails.thumbnail",
  "pk": 213,
  "fields": {
    "storage_hash": "d26becbf46ac48eda79c7a39a13a02dd",
    "name": "profe9.jpeg.350x350_q85.jpg",
    "modified": "2023-12-06T04:08:02.048Z",
    "source": 3
  }
},
{
  "model": "easy_thumbnails.thumbnail",
  "pk": 214,
  "fields": {
    "storage_hash": "d26becbf46ac48eda79c7a39a13a02dd",
    "name": "profe2_F8TpjNV.jpeg.300x300_q85.jpg",
    "modified": "2023-12-06T04:08:20.800Z",
    "source": 45
  }
},
{
  "model": "easy_thumbnails.thumbnail",
  "pk": 215,
  "fields": {
    "storage_hash": "d26becbf46ac48eda79c7a39a13a02dd",
    "name": "profe3.jpeg.300x300_q85.jpg",
    "modified": "2023-12-06T04:08:20.823Z",
    "source": 8
  }
},
{
  "model": "easy_thumbnails.thumbnail",
  "pk": 216,
  "fields": {
    "storage_hash": "d26becbf46ac48eda79c7a39a13a02dd",
    "name": "profe4.jpeg.300x300_q85.jpg",
    "modified": "2023-12-06T04:08:20.840Z",
    "source": 9
  }
},
{
  "model": "easy_thumbnails.thumbnail",
  "pk": 217,
  "fields": {
    "storage_hash": "d26becbf46ac48eda79c7a39a13a02dd",
    "name": "profe5.jpeg.300x300_q85.jpg",
    "modified": "2023-12-06T04:08:20.852Z",
    "source": 7
  }
},
{
  "model": "easy_thumbnails.thumbnail",
  "pk": 218,
  "fields": {
    "storage_hash": "d26becbf46ac48eda79c7a39a13a02dd",
    "name": "profe6.jpeg.300x300_q85.jpg",
    "modified": "2023-12-06T04:08:20.863Z",
    "source": 6
  }
},
{
  "model": "easy_thumbnails.thumbnail",
  "pk": 219,
  "fields": {
    "storage_hash": "d26becbf46ac48eda79c7a39a13a02dd",
    "name": "cris-regatero_Un9gQsX.jpg.350x600_q85.jpg",
    "modified": "2023-12-07T11:56:11.831Z",
    "source": 52
  }
},
{
  "model": "easy_thumbnails.thumbnail",
  "pk": 220,
  "fields": {
    "storage_hash": "d26becbf46ac48eda79c7a39a13a02dd",
    "name": "buika.jpg.350x600_q85.jpg",
    "modified": "2023-12-07T11:56:11.870Z",
    "source": 50
  }
},
{
  "model": "easy_thumbnails.thumbnail",
  "pk": 221,
  "fields": {
    "storage_hash": "d26becbf46ac48eda79c7a39a13a02dd",
    "name": "pablo.jpg.350x600_q85.jpg",
    "modified": "2023-12-07T11:56:11.890Z",
    "source": 51
  }
},
{
  "model": "easy_thumbnails.thumbnail",
  "pk": 222,
  "fields": {
    "storage_hash": "d26becbf46ac48eda79c7a39a13a02dd",
    "name": "beatriz.jpg.500x500_q85.jpg",
    "modified": "2023-12-07T19:15:23.912Z",
    "source": 31
  }
},
{
  "model": "easy_thumbnails.thumbnail",
  "pk": 223,
  "fields": {
    "storage_hash": "d26becbf46ac48eda79c7a39a13a02dd",
    "name": "beatriz.jpg.600x600_q85.jpg",
    "modified": "2023-12-07T19:15:40.357Z",
    "source": 31
  }
},
{
  "model": "easy_thumbnails.thumbnail",
  "pk": 224,
  "fields": {
    "storage_hash": "d26becbf46ac48eda79c7a39a13a02dd",
    "name": "denna.jpg.600x600_q85.jpg",
    "modified": "2023-12-07T19:16:06.353Z",
    "source": 30
  }
},
{
  "model": "easy_thumbnails.thumbnail",
  "pk": 225,
  "fields": {
    "storage_hash": "d26becbf46ac48eda79c7a39a13a02dd",
    "name": "alvaro.jpg.600x600_q85.jpg",
    "modified": "2023-12-07T23:58:47.795Z",
    "source": 29
  }
},
{
  "model": "easy_thumbnails.thumbnail",
  "pk": 226,
  "fields": {
    "storage_hash": "d26becbf46ac48eda79c7a39a13a02dd",
    "name": "chiara.jpg.600x600_q85.jpg",
    "modified": "2023-12-07T23:58:55.595Z",
    "source": 34
  }
},
{
  "model": "easy_thumbnails.thumbnail",
  "pk": 227,
  "fields": {
    "storage_hash": "d26becbf46ac48eda79c7a39a13a02dd",
    "name": "cristian.jpg.600x600_q85.jpg",
    "modified": "2023-12-07T23:58:59.991Z",
    "source": 38
  }
},
{
  "model": "easy_thumbnails.thumbnail",
  "pk": 228,
  "fields": {
    "storage_hash": "d26becbf46ac48eda79c7a39a13a02dd",
    "name": "juanjo.jpg.600x600_q85.jpg",
    "modified": "2023-12-07T23:59:02.388Z",
    "source": 35
  }
},
{
  "model": "easy_thumbnails.thumbnail",
  "pk": 229,
  "fields": {
    "storage_hash": "d26becbf46ac48eda79c7a39a13a02dd",
    "name": "violeta.jpg.600x600_q85.jpg",
    "modified": "2023-12-08T01:08:38.229Z",
    "source": 43
  }
},
{
  "model": "easy_thumbnails.thumbnail",
  "pk": 230,
  "fields": {
    "storage_hash": "d26becbf46ac48eda79c7a39a13a02dd",
    "name": "naiara.jpg.600x600_q85.jpg",
    "modified": "2023-12-08T01:08:41.919Z",
    "source": 40
  }
},
{
  "model": "easy_thumbnails.thumbnail",
  "pk": 231,
  "fields": {
    "storage_hash": "d26becbf46ac48eda79c7a39a13a02dd",
    "name": "alex.jpg.600x600_q85.jpg",
    "modified": "2023-12-08T01:08:45.814Z",
    "source": 28
  }
},
{
  "model": "contestant.musicstyle",
  "pk": 1,
  "fields": {
    "name": "Pop",
    "slug": "pop"
  }
},
{
  "model": "contestant.musicstyle",
  "pk": 2,
  "fields": {
    "name": "Pop rock",
    "slug": "pop-rock"
  }
},
{
  "model": "contestant.musicstyle",
  "pk": 3,
  "fields": {
    "name": "Pop latino",
    "slug": "pop-latino"
  }
},
{
  "model": "contestant.musicstyle",
  "pk": 4,
  "fields": {
    "name": "Pop internacional",
    "slug": "pop-internacional"
  }
},
{
  "model": "contestant.musicstyle",
  "pk": 5,
  "fields": {
    "name": "R&B",
    "slug": "rb"
  }
},
{
  "model": "contestant.musicstyle",
  "pk": 6,
  "fields": {
    "name": "Soul",
    "slug": "soul"
  }
},
{
  "model": "contestant.musicstyle",
  "pk": 7,
  "fields": {
    "name": "Pop house",
    "slug": "pop-house"
  }
},
{
  "model": "contestant.musicstyle",
  "pk": 8,
  "fields": {
    "name": "Rock 80s",
    "slug": "rock-80s"
  }
},
{
  "model": "contestant.musicstyle",
  "pk": 9,
  "fields": {
    "name": "Reguetón",
    "slug": "regueton"
  }
},
{
  "model": "contestant.musicstyle",
  "pk": 10,
  "fields": {
    "name": "Rock",
    "slug": "rock"
  }
},
{
  "model": "contestant.musicstyle",
  "pk": 11,
  "fields": {
    "name": "Flamenco pop",
    "slug": "flamenco-pop"
  }
},
{
  "model": "contestant.musicstyle",
  "pk": 12,
  "fields": {
    "name": "General",
    "slug": "general"
  }
},
{
  "model": "contestant.contestant",
  "pk": 1,
  "fields": {
    "first_name": "Álex",
    "last_name": "Márquez",
    "slug": "alex-marquez",
    "birthdate": "1998-11-24",
    "city": "Córdoba",
    "job": "Compositor y coproductor para otros artistas. Marketing digital y restauración",
    "hobbies": "surf, gimnasio, pasear, leer y pasar tiempo con sus amigos",
    "nationality": "España",
    "avatar": "alex.jpg",
    "music_style": 3
  }
},
{
  "model": "contestant.contestant",
  "pk": 2,
  "fields": {
    "first_name": "Álvaro",
    "last_name": "Mayo",
    "slug": "alvaro-mayo",
    "birthdate": "2002-03-04",
    "city": "Sevilla",
    "job": "Estudiante de técnico de sonido y trabaja en una orquesta y canta en un grupo musical",
    "hobbies": "El maquillaje",
    "nationality": "España",
    "avatar": "alvaro.jpg",
    "music_style": 6
  }
},
{
  "model": "contestant.contestant",
  "pk": 3,
  "fields": {
    "first_name": "Almudena",
    "last_name": "Ruiz",
    "slug": "aludena-ruiz",
    "birthdate": "2001-03-30",
    "city": "Ogíjares",
    "job": "Cantante y Actriz. Graduada en un doble grado de arte dramático y artes escénicas en ESAEM, escuela de Antonio Banderas",
    "hobbies": "Cocina y el gimnasio",
    "nationality": "España",
    "avatar": "denna.jpg",
    "music_style": 7
  }
},
{
  "model": "contestant.contestant",
  "pk": 4,
  "fields": {
    "first_name": "Beatriz",
    "last_name": "Fernández",
    "slug": "beatriz-fernandez",
    "birthdate": "2004-05-25",
    "city": "San Fernando de Henares",
    "job": "Estudiando Magisterio de Educación Primaria y trabaja en una escuela dando clases de música a niños pequeños",
    "hobbies": "Tocar el piano",
    "nationality": "España",
    "avatar": "beatriz.jpg",
    "music_style": 8
  }
},
{
  "model": "contestant.contestant",
  "pk": 5,
  "fields": {
    "first_name": "Paul",
    "last_name": "Thib",
    "slug": "paul-thib",
    "birthdate": "2002-12-14",
    "city": "Armilla",
    "job": "Estudiante de Audiovisuales",
    "hobbies": "Jugar a videojuegos y el cine",
    "nationality": "España",
    "avatar": "paul.jpg",
    "music_style": 9
  }
},
{
  "model": "contestant.contestant",
  "pk": 6,
  "fields": {
    "first_name": "Omar",
    "last_name": "Samba",
    "slug": "omar-samba",
    "birthdate": "1997-05-09",
    "city": "Yunquera de Henares",
    "job": "Técnico de emergencias sanitarias y se está preparando las oposiciones para bombero",
    "hobbies": "Toca el saxo tenor en una charanga y juega al baloncesto",
    "nationality": "Senegal",
    "avatar": "omar.jpg",
    "music_style": 2
  }
},
{
  "model": "contestant.contestant",
  "pk": 7,
  "fields": {
    "first_name": "Chiara",
    "last_name": "Oliver",
    "slug": "chiara-oliver",
    "birthdate": "2004-03-11",
    "city": "Ciutadella de Menorca",
    "job": "Estudiante de canto moderno en la ESMUC (Barcelona). Cantante durante los veranos en hoteles y restaurantes de Menorca",
    "hobbies": "Componer; tocar la guitarra, el piano y el bajo; escuchar y estudiar música",
    "nationality": "Reino Unido",
    "avatar": "chiara.jpg",
    "music_style": 1
  }
},
{
  "model": "contestant.contestant",
  "pk": 8,
  "fields": {
    "first_name": "Juanjo",
    "last_name": "Bona",
    "slug": "juanjo-bona",
    "birthdate": "2003-11-10",
    "city": "Magallón",
    "job": "Estudiante de Ingeniería Naval en Madrid",
    "hobbies": "Le gusta la vida rural y alternar, más de día que de noche: vermut y terraceo",
    "nationality": "España",
    "avatar": "juanjo.jpg",
    "music_style": 10
  }
},
{
  "model": "contestant.contestant",
  "pk": 9,
  "fields": {
    "first_name": "Salma",
    "last_name": "Díaz",
    "slug": "salma-diaz",
    "birthdate": "2002-04-10",
    "city": "Mijas",
    "job": "Cantante",
    "hobbies": "Tocar la guitarra, el piano y componer",
    "nationality": "España",
    "avatar": "salma.jpg",
    "music_style": 11
  }
},
{
  "model": "contestant.contestant",
  "pk": 10,
  "fields": {
    "first_name": "Lucas",
    "last_name": "Curotto",
    "slug": "lucas-curotto",
    "birthdate": "2000-11-10",
    "city": "Vallirana",
    "job": "Barbero",
    "hobbies": "Cantar",
    "nationality": "Uruguay",
    "avatar": "lucas.jpg",
    "music_style": 2
  }
},
{
  "model": "contestant.contestant",
  "pk": 11,
  "fields": {
    "first_name": "Cristian",
    "last_name": "Bartolomé",
    "slug": "cristian-bartolome",
    "birthdate": "1999-09-20",
    "city": "San Cristóbal de La Laguna",
    "job": "Actor de teatro musical",
    "hobbies": "Videojuegos, salir con amigos y jugar al billar",
    "nationality": "Guinea Equatorial",
    "avatar": "cristian.jpg",
    "music_style": 5
  }
},
{
  "model": "contestant.contestant",
  "pk": 12,
  "fields": {
    "first_name": "Martin",
    "last_name": "Urrutia",
    "slug": "martin-urrutia",
    "birthdate": "2005-03-30",
    "city": "Getxo",
    "job": "Estudiando Arte Dramático",
    "hobbies": "Actividades culturales con sus amigos",
    "nationality": "España",
    "avatar": "martin.jpg",
    "music_style": 1
  }
},
{
  "model": "contestant.contestant",
  "pk": 13,
  "fields": {
    "first_name": "Naiara",
    "last_name": "Moreno",
    "slug": "naiara-moreno",
    "birthdate": "1997-04-27",
    "city": "Zaragoza",
    "job": "Cantante de orquesta",
    "hobbies": "Le encanta ir en coche sola escuchando música",
    "nationality": "España",
    "avatar": "naiara.jpg",
    "music_style": 12
  }
},
{
  "model": "contestant.contestant",
  "pk": 14,
  "fields": {
    "first_name": "Ruslana",
    "last_name": "Panchyshyna",
    "slug": "ruslana-panchyshyna",
    "birthdate": "2005-09-10",
    "city": "Madrid",
    "job": "Estudiando 2º de Bachiller Artes Escénicas",
    "hobbies": "Tocar instrumentos (bajo eléctrico, le relaja el sonido). Le gusta el arte, el mundo de la moda, interpretación y baile",
    "nationality": "Ucrania",
    "avatar": "ruslana.jpg",
    "music_style": 10
  }
},
{
  "model": "contestant.contestant",
  "pk": 15,
  "fields": {
    "first_name": "Suzete",
    "last_name": "Correia",
    "slug": "suzete-correia",
    "birthdate": "2001-04-21",
    "city": "Santa Cruz de Tenerife",
    "job": "Estudiante de Coaching administrativo y empresarial",
    "hobbies": "Componer, hacer trenzas y patinar",
    "nationality": "Santo Tomé y Príncipe",
    "avatar": "suzete.jpg",
    "music_style": 6
  }
},
{
  "model": "contestant.contestant",
  "pk": 16,
  "fields": {
    "first_name": "Violeta",
    "last_name": "Hódar",
    "slug": "violeta-hodar",
    "birthdate": "2001-01-23",
    "city": "Motril",
    "job": "Finalizado Grado en Periodismo, Publicidad y Audiovisuales",
    "hobbies": "Pintar",
    "nationality": "España",
    "avatar": "violeta.jpg",
    "music_style": 5
  }
},
{
  "model": "teacher.teacher",
  "pk": 1,
  "fields": {
    "first_name": "Vic",
    "last_name": "Mirallas",
    "slug": "vic-mirallas",
    "subject": "Repaso",
    "avatar": "profe1_fRDkWmi.jpeg",
    "description": "Siguiendo en la misma línea que Pablo, es productor y cantante y en sus redes también demuestra que es un crack en la industria musical. Justo eso es lo que ahora intenta transmitirle a los concursantes."
  }
},
{
  "model": "teacher.teacher",
  "pk": 2,
  "fields": {
    "first_name": "Vicky",
    "last_name": "Gómez",
    "slug": "vicky-gomez",
    "subject": "Coreografía",
    "avatar": "profe2_F8TpjNV.jpeg",
    "description": "Tiene un don para entender a los concursantes y no es por su sensibilidad (que también), sino porque también estuvo dentro de un programa de televisión y entiende que la presión y la competición hacen sus estragos. Ahora es coreógrafa y ha trabajado con artistas como Pastora Soler, Ruth Lorenzo y Juan Magán, además de en el Play Tour de Aitana."
  }
},
{
  "model": "teacher.teacher",
  "pk": 3,
  "fields": {
    "first_name": "Toni",
    "last_name": "Hinojosa",
    "slug": "toni-hinojosa",
    "subject": "Fitness",
    "avatar": "profe3.jpeg",
    "description": "Toda su vida ha estado dedicada al mundo del deporte y eso le ha llevado a convertirse en profesor de fitness en la Academia de OT 2023."
  }
},
{
  "model": "teacher.teacher",
  "pk": 4,
  "fields": {
    "first_name": "Verónica",
    "last_name": "Blume",
    "slug": "veronica-blume",
    "subject": "Yoga",
    "avatar": "profe4.jpeg",
    "description": "Es uno de los fichajes de esta edición y lo hace como profesora de yoga. Hace años se despidió de las pasarelas para dedicarse de manera íntegra al mundo de la enseñanza del yoga y a clases de meditación."
  }
},
{
  "model": "teacher.teacher",
  "pk": 5,
  "fields": {
    "first_name": "Pablo",
    "last_name": "Lluch",
    "slug": "pablo-lluch",
    "subject": "Repaso",
    "avatar": "profe5.jpeg",
    "description": "En redes sociales cuenta con más de 100 seguidores y es conocido por haber hecho versiones de canciones tan míticas como Nochentera de Vicco o Tatto de Loreen. Ahora se incorpora a la Academia de OT como pianista oficial y coach."
  }
},
{
  "model": "teacher.teacher",
  "pk": 6,
  "fields": {
    "first_name": "Manu",
    "last_name": "Guix",
    "slug": "manu-guix",
    "subject": "Director musical",
    "avatar": "profe6.jpeg",
    "description": "Compositor, intérprete y director musical, este último, rol que lo ha llevado a formar parte del profesorado de Operación Triunfo. En todas las ediciones de la Academia ha estado presente, pero en las dos últimas ha sido donde ha ocupado el cargo de director musical."
  }
},
{
  "model": "teacher.teacher",
  "pk": 7,
  "fields": {
    "first_name": "Mamén",
    "last_name": "Márquez",
    "slug": "mamen-marquez",
    "subject": "Técnica vocal",
    "avatar": "profe7.jpeg",
    "description": "Compositor, intérprete y director musical, este último, rol que lo ha llevado a formar parte del profesorado de Operación Triunfo. En todas las ediciones de la Academia ha estado presente, pero en las dos últimas ha sido donde ha ocupado el cargo de director musical."
  }
},
{
  "model": "teacher.teacher",
  "pk": 8,
  "fields": {
    "first_name": "Judith",
    "last_name": "Endje",
    "slug": "judith-endje",
    "subject": "Baile urbano",
    "avatar": "profe8.jpeg",
    "description": "Tiene una larga experiencia dentro del baile urbano, lo que le ha llevado a convertirse en profesora de ello dentro de OT 2023. Además, también es fundadora de su propia escuela de baile."
  }
},
{
  "model": "teacher.teacher",
  "pk": 9,
  "fields": {
    "first_name": "Jill",
    "last_name": "Earnshaw",
    "slug": "jill-earnshaw",
    "subject": "Inglés",
    "avatar": "profe9.jpeg",
    "description": "Tiene una larga experiencia dentro del baile urbano, lo que le ha llevado a convertirse en profesora de ello dentro de OT 2023. Además, también es fundadora de su propia escuela de baile."
  }
},
{
  "model": "teacher.teacher",
  "pk": 10,
  "fields": {
    "first_name": "Gerard",
    "last_name": "Ibáñez",
    "slug": "gerard-ibanez",
    "subject": "Canto coral",
    "avatar": "profe10.jpeg",
    "description": "Este año, la academia ha introducido una nueva clase: la de canto. Para ello ha contado con Gerard Ibañez como profesor, quien tiene una larga experiencia como Director musical y Arreglista Vocal del coro LGTBIQ+."
  }
},
{
  "model": "teacher.teacher",
  "pk": 11,
  "fields": {
    "first_name": "Abril",
    "last_name": "Zamora",
    "slug": "abril-zamora",
    "subject": "Interpretación",
    "avatar": "profe11.jpeg",
    "description": "A sus 43 años, Abril lleva casi toda su vida dedicada al mundo de la interpretación. Algo que le ha hecho conquistar más de un escenario y haber participado en series míticas como Los Serrano, Los Hombres de Paco y Hospital Central. Este es su primer año como profesora de interpretación dentro de Operación Triunfo."
  }
},
{
  "model": "judge.judge",
  "pk": 1,
  "fields": {
    "first_name": "Cristina",
    "last_name": "Regatero",
    "slug": "cristina-regatero",
    "job": "Locutora",
    "avatar": "cris-regatero_Un9gQsX.jpg",
    "description": "La jueza del 'talent show' nació en Madrid el 24 de diciembre de 1994 y estudió Periodismo y Comunicación Audiovisual. Empezó a trabajar como locutora de radio cuando tenía 18 años. También ha sido redactora de             música, moda y cultura en distintas webs y agencias.          La comunicadora debutó en LOS40 en 2017. Desde entonces, ha cubierto multitud de eventos y ha entrevistado a grandes estrellas de la música. Una de las últimas cantantes con las que ha charlado es Dua Lipa, pero también lo ha hecho con Ed Sheeran, Loreen y Chris Martin, de Coldplay."
  }
},
{
  "model": "judge.judge",
  "pk": 2,
  "fields": {
    "first_name": "María",
    "last_name": "Buika",
    "slug": "maria-buika",
    "job": "Cantante",
    "avatar": "buika.jpg",
    "description": "La cantante ecuatoguineana-española Concha Buika, una de las voces más aclamadas del panorama musical nacional. María Concepción Balboa Buika, su nombre real, nació en Palma de Mallorca en mayo de 1972 y a sus 51 años cuenta con una gran carrera a sus espaldas que la ha llevado a publicar doce álbumes de estudio y a recibir galardones del nivel de los Premios Grammy Latinos e incluso la Medalla de Oro al Mérito en las Bellas Artes que otorgó el Ministerio de Cultura de España el pasado 2022. Buika destaca en el ámbito del jazz, el flamenco, el pop y la música latina."
  }
},
{
  "model": "judge.judge",
  "pk": 3,
  "fields": {
    "first_name": "Pablo",
    "last_name": "Rouss",
    "slug": "pablo-rouss",
    "job": "Productor",
    "avatar": "pablo.jpg",
    "description": "Una de las nuevas caras de la industria musical que está arrasando en España. Como cantante y, sobre todo, como productor musical, este navarro se ha convertido en tiempo récord en una de las figuras más reconocidas de la industria musical nacional. Ha trabajado con Lola Índigo, Belén Aguilera, Estopa, Pole, Hens, Marmi, David Bisbal, Álvaro Soler, Vanesa Martin, Enol, Sebastián Yatra y muchos más y ha logrado, de la mano de los Tacones Rojos del colombiano más querido en nuestro país, dos Latin Grammys, uno de los premios más cotizados de la música en todo el mundo."
  }
}
]
